{
  "partsInfo": {
    "compressLevel": 3,
    "memoryLevel": 7,
    "strategy": 0,
    "windowBits": 5
  },
  "shape": {
    "filename": "Beard_2.glb",
    "transform": [
      [
        -8.0,
        -2.437530994415283,
        14.096687316894531
      ],
      [
        0.0,
        -5.905749797821045,
        -0.09348224848508835
      ],
      [
        11.671794891357422,
        0.0,
        -6.0
      ],
      [
        -1.2918399572372437,
        15.92605209350586,
        0.0
      ],
      [
        -10.032730102539062,
        -0.5167067646980286,
        12.408367156982422
      ],
      [
        0.0,
        -4.0,
        -3.331092596054077
      ]
    ]
  }
}