{
  "partsInfo": {
    "compressLevel": 3,
    "memoryLevel": 7,
    "strategy": 0,
    "windowBits": 5
  },
  "shape": {
    "filename": "Beard_3.glb",
    "transform": [
      [
        10.868891716003418,
        -3.7307448387145996,
        12.809338569641113
      ],
      [
        0.0,
        0.0,
        -1.5929008722305298
      ],
      [
        3.830000400543213,
        0.0,
        5.932502746582031
      ],
      [
        -0.9419679641723633,
        3.330000400543213,
        0.0
      ],
      [
        6.443272590637207,
        -5.415935516357422,
        15.50054931640625
      ],
      [
        0.0,
        14.823575019836426,
        -1.5419254302978516
      ]
    ]
  }
}