{
  "partsInfo": {
    "compressLevel": 3,
    "memoryLevel": 7,
    "strategy": 0,
    "windowBits": 5
  },
  "shape": {
    "filename": "Beard_1.glb",
    "transform": [
      [
        4.843148231506348,
        4.6936421394348145,
        19.370258331298828
      ],
      [
        0.0,
        2.489490270614624,
        4.336270332336426
      ],
      [
        20.117115020751953,
        0.0,
        2.9024221897125244
      ],
      [
        2.2674784660339355,
        18.392730712890625,
        0.0
      ],
      [
        3.664815664291382,
        6.578243255615234,
        20.513877868652344
      ],
      [
        0.0,
        5.549984931945801,
        2.9344325065612793
      ]
    ]
  }
}