{
  "partsInfo": {
    "compressLevel": 3,
    "memoryLevel": 7,
    "strategy": 0,
    "windowBits": 5
  },
  "shape": {
    "filename": "Cap1_57.glb",
    "transform": [
      [
        11.168717384338379,
        50.50651168823242,
        20.420944213867188
      ],
      [
        0.0,
        8.153427124023438,
        51.470638275146484
      ],
      [
        20.96969223022461,
        0.0,
        -1.2081876548108994e-06
      ],
      [
        51.93355941772461,
        10.336152076721191,
        0.0
      ],
      [
        9.273826599121094,
        52.972354888916016,
        27.173595428466797
      ],
      [
        0.0,
        14.174843788146973,
        49.045326232910156
      ]
    ]
  }
}