{
  "partsInfo": {
    "compressLevel": 3,
    "memoryLevel": 7,
    "strategy": 0,
    "windowBits": 5
  },
  "shape": {
    "filename": "Cap1_61.glb",
    "transform": [
      [
        26.984352111816406,
        56.73332214355469,
        3.822052001953125
      ],
      [
        0.0,
        26.027015686035156,
        55.804996490478516
      ],
      [
        9.011507034301758,
        0.0,
        26.676054000854492
      ],
      [
        56.44111251831055,
        2.9757907390594482,
        0.0
      ],
      [
        27.16193199157715,
        56.89809799194336,
        4.734087944030762
      ],
      [
        0.0,
        26.50405502319336,
        56.256500244140625
      ]
    ]
  }
}