{
  "partsInfo": {
    "compressLevel": 3,
    "memoryLevel": 7,
    "strategy": 0,
    "windowBits": 5
  },
  "shape": {
    "filename": "Cap1_114.glb",
    "transform": [
      [
        -16.07408332824707,
        58.95622634887695,
        -9.552968978881836
      ],
      [
        0.0,
        -16.237329483032227,
        57.68683624267578
      ],
      [
        -11.16492748260498,
        0.0,
        -20.56155776977539
      ],
      [
        60.64075469970703,
        -10.720196723937988,
        0.0
      ],
      [
        -20.724803924560547,
        59.37135696411133,
        -12.332158088684082
      ],
      [
        0.0,
        -16.567569732666016,
        56.079368591308594
      ]
    ]
  }
}