{
  "partsInfo": {
    "compressLevel": 3,
    "memoryLevel": 7,
    "strategy": 0,
    "windowBits": 5
  },
  "shape": {
    "filename": "Cap1_126.glb",
    "transform": [
      [
        -29.530057907104492,
        44.8560791015625,
        -12.681568145751953
      ],
      [
        0.0,
        -29.80010986328125,
        45.46596908569336
      ],
      [
        -10.335851669311523,
        0.0,
        -28.969240188598633
      ],
      [
        44.811893463134766,
        -15.054500579833984,
        0.0
      ],
      [
        -28.15587615966797,
        45.33641052246094,
        -17.29293441772461
      ],
      [
        0.0,
        -29.76099395751953,
        46.59999084472656
      ]
    ]
  }
}