{
  "partsInfo": {
    "compressLevel": 3,
    "memoryLevel": 7,
    "strategy": 0,
    "windowBits": 5
  },
  "shape": {
    "filename": "Cap1_109.glb",
    "transform": [
      [
        3.6706278324127197,
        59.26347732543945,
        -29.045223236083984
      ],
      [
        0.0,
        5.958565711975098,
        60.07215881347656
      ],
      [
        -28.16210174560547,
        0.0,
        3.6706278324127197
      ],
      [
        55.324554443359375,
        -25.438331604003906,
        0.0
      ],
      [
        5.958565711975098,
        56.13323974609375,
        -24.55521011352539
      ],
      [
        0.0,
        7.3021087646484375,
        57.31014633178711
      ]
    ]
  }
}