{
  "partsInfo": {
    "compressLevel": 3,
    "memoryLevel": 7,
    "strategy": 0,
    "windowBits": 5
  },
  "shape": {
    "filename": "Cap1_78.glb",
    "transform": [
      [
        -28.15587615966797,
        45.33641052246094,
        -17.29293441772461
      ],
      [
        0.0,
        -29.76099395751953,
        46.59999084472656
      ],
      [
        -8.177207946777344,
        0.0,
        -27.145397186279297
      ],
      [
        46.393890380859375,
        -19.24432945251465,
        0.0
      ],
      [
        -29.80010986328125,
        45.46596908569336,
        -10.335851669311523
      ],
      [
        0.0,
        -28.969240188598633,
        44.811893463134766
      ]
    ]
  }
}