{
  "partsInfo": {
    "compressLevel": 3,
    "memoryLevel": 7,
    "strategy": 0,
    "windowBits": 5
  },
  "shape": {
    "filename": "Cap1_34.glb",
    "transform": [
      [
        0.0,
        19.621599197387695,
        -34.273048400878906
      ],
      [
        0.0,
        0.0,
        23.190059661865234
      ],
      [
        -26.883237838745117,
        0.0,
        -5.5346198081970215
      ],
      [
        19.76985740661621,
        -33.92150115966797,
        0.0
      ],
      [
        5.5346198081970215,
        19.76985740661621,
        -33.92150115966797
      ],
      [
        0.0,
        -4.1011881828308105,
        23.19002342224121
      ]
    ]
  }
}