{
  "partsInfo": {
    "compressLevel": 3,
    "memoryLevel": 7,
    "strategy": 0,
    "windowBits": 5
  },
  "shape": {
    "filename": "Cap1_77.glb",
    "transform": [
      [
        3.157463550567627,
        40.33506393432617,
        -37.065364837646484
      ],
      [
        0.0,
        3.7521564960479736,
        39.44950866699219
      ],
      [
        -27.05811309814453,
        0.0,
        -3.157463550567627
      ],
      [
        40.33506393432617,
        -37.065364837646484,
        0.0
      ],
      [
        -3.7521564960479736,
        39.44950866699219,
        -27.05811309814453
      ],
      [
        0.0,
        0.0,
        53.723960876464844
      ]
    ]
  }
}