{
  "partsInfo": {
    "compressLevel": 3,
    "memoryLevel": 7,
    "strategy": 0,
    "windowBits": 5
  },
  "shape": {
    "filename": "Cap1_130.glb",
    "transform": [
      [
        0.0,
        19.428071975708008,
        -33.932376861572266
      ],
      [
        0.0,
        -1.8618227243423462,
        19.646957397460938
      ],
      [
        -34.024539947509766,
        0.0,
        1.8618227243423462
      ],
      [
        19.646957397460938,
        -34.024539947509766,
        0.0
      ],
      [
        -3.5989272594451904,
        20.288299560546875,
        -34.297393798828125
      ],
      [
        0.0,
        3.5989272594451904,
        20.288299560546875
      ]
    ]
  }
}