{
  "partsInfo": {
    "compressLevel": 3,
    "memoryLevel": 7,
    "strategy": 0,
    "windowBits": 5
  },
  "shape": {
    "filename": "Cap2_84.glb",
    "transform": [
      [
        0.0,
        15.90864086151123,
        -32.42113494873047
      ],
      [
        0.0,
        -1.8618226051330566,
        16.127525329589844
      ],
      [
        -32.51329803466797,
        0.0,
        1.8618228435516357
      ],
      [
        16.127525329589844,
        -32.51329803466797,
        0.0
      ],
      [
        -3.5989270210266113,
        16.768869400024414,
        -32.786155700683594
      ],
      [
        0.0,
        3.5989274978637695,
        16.768869400024414
      ]
    ]
  }
}