{
  "partsInfo": {
    "compressLevel": 3,
    "memoryLevel": 7,
    "strategy": 0,
    "windowBits": 5
  },
  "shape": {
    "filename": "Cap2_9.glb",
    "transform": [
      [
        5.966297149658203,
        12.69432544708252,
        -26.148666381835938
      ],
      [
        0.0,
        5.352451324462891,
        11.639982223510742
      ],
      [
        -25.09361457824707,
        0.0,
        -5.966297149658203
      ],
      [
        12.69432544708252,
        -26.148666381835938,
        0.0
      ],
      [
        -6.180478096008301,
        13.82436752319336,
        -27.279468536376953
      ],
      [
        0.0,
        6.180478096008301,
        13.82436752319336
      ]
    ]
  }
}