{
  "partsInfo": {
    "compressLevel": 3,
    "memoryLevel": 7,
    "strategy": 0,
    "windowBits": 5
  },
  "shape": {
    "filename": "Faceline_0.glb",
    "transform": [
      [
        0.0,
        0.0,
        0.0
      ],
      [
        0.0,
        24.5,
        26.0
      ],
      [
        0.0,
        0.0,
        0.0
      ],
      [
        16.896881103515625,
        10.206775665283203,
        -0.42495355010032654
      ],
      [
        0.0,
        20.10963249206543,
        14.763249397277832
      ],
      [
        -0.24688361585140228,
        0.0,
        15.01077651977539
      ]
    ]
  }
}