{
  "partsInfo": {
    "compressLevel": 3,
    "memoryLevel": 7,
    "strategy": 0,
    "windowBits": 5
  },
  "shape": {
    "filename": "Faceline_1.glb",
    "transform": [
      [
        0.0,
        0.0,
        0.0
      ],
      [
        0.0,
        24.5,
        26.0
      ],
      [
        0.0,
        0.5099999904632568,
        0.05000000074505806
      ],
      [
        23.95278549194336,
        27.584888458251953,
        9.026127815246582
      ],
      [
        0.0,
        26.299999237060547,
        33.436073303222656
      ],
      [
        0.0,
        0.0,
        23.999998092651367
      ]
    ]
  }
}