{
  "partsInfo": {
    "compressLevel": 3,
    "memoryLevel": 7,
    "strategy": 0,
    "windowBits": 5
  },
  "shape": {
    "filename": "Faceline_9.glb",
    "transform": [
      [
        0.0,
        -2.0,
        0.0
      ],
      [
        0.0,
        22.5,
        26.0
      ],
      [
        0.0,
        -1.4900000095367432,
        0.05000000074505806
      ],
      [
        -24.71061897277832,
        18.370065689086914,
        -0.13915663957595825
      ],
      [
        0.0,
        -21.504131317138672,
        14.8177490234375
      ],
      [
        -6.785864353179932,
        0.0,
        -23.343944549560547
      ]
    ]
  }
}