{
  "partsInfo": {
    "compressLevel": 3,
    "memoryLevel": 7,
    "strategy": 0,
    "windowBits": 5
  },
  "shape": {
    "filename": "Faceline_5.glb",
    "transform": [
      [
        0.0,
        0.0,
        0.0
      ],
      [
        0.0,
        24.5,
        26.0
      ],
      [
        0.0,
        -0.9200000166893005,
        3.6700000762939453
      ],
      [
        -24.38167953491211,
        14.112343788146973,
        2.429591655731201
      ],
      [
        0.0,
        -25.18450164794922,
        19.4522647857666
      ],
      [
        1.7849851846694946,
        0.0,
        -25.155948638916016
      ]
    ]
  }
}