{
  "partsInfo": {
    "compressLevel": 3,
    "memoryLevel": 7,
    "strategy": 0,
    "windowBits": 5
  },
  "shape": {
    "filename": "Faceline_2.glb",
    "transform": [
      [
        0.0,
        3.0,
        0.0
      ],
      [
        0.0,
        27.5,
        26.0
      ],
      [
        0.0,
        -1.7100000381469727,
        -1.309999942779541
      ],
      [
        10.299910545349121,
        3.1577510833740234,
        12.12690258026123
      ],
      [
        0.0,
        13.843010902404785,
        6.356368064880371
      ],
      [
        11.090499877929688,
        0.0,
        11.187582015991211
      ]
    ]
  }
}