{
  "partsInfo": {
    "compressLevel": 3,
    "memoryLevel": 7,
    "strategy": 0,
    "windowBits": 5
  },
  "shape": {
    "filename": "Faceline_4.glb",
    "transform": [
      [
        0.0,
        0.0,
        0.0
      ],
      [
        0.0,
        24.5,
        26.5
      ],
      [
        0.0,
        -0.9900000095367432,
        2.5199999809265137
      ],
      [
        0.0,
        23.08161163330078,
        24.659835815429688
      ],
      [
        0.0,
        -7.119545936584473,
        17.71548843383789
      ],
      [
        23.348691940307617,
        0.0,
        0.0
      ]
    ]
  }
}