{
  "partsInfo": {
    "compressLevel": 3,
    "memoryLevel": 7,
    "strategy": 0,
    "windowBits": 5
  },
  "shape": {
    "filename": "Faceline_7.glb",
    "transform": [
      [
        0.0,
        3.0,
        0.0
      ],
      [
        0.0,
        27.5,
        26.0
      ],
      [
        0.0,
        -2.4800000190734863,
        -0.6000000238418579
      ],
      [
        -25.017719268798828,
        19.526378631591797,
        -0.36706799268722534
      ],
      [
        0.0,
        -25.45134735107422,
        23.638460159301758
      ],
      [
        0.06419304758310318,
        0.0,
        -24.772926330566406
      ]
    ]
  }
}