{
  "partsInfo": {
    "compressLevel": 3,
    "memoryLevel": 7,
    "strategy": 0,
    "windowBits": 5
  },
  "shape": {
    "filename": "Faceline_3.glb",
    "transform": [
      [
        0.0,
        0.0,
        0.0
      ],
      [
        0.0,
        24.5,
        26.0
      ],
      [
        0.0,
        -3.109999895095825,
        1.8200000524520874
      ],
      [
        26.407869338989258,
        20.06598663330078,
        0.0
      ],
      [
        0.0,
        24.85610580444336,
        21.43164825439453
      ],
      [
        -5.144504547119141,
        0.0,
        26.382946014404297
      ]
    ]
  }
}