{
  "partsInfo": {
    "compressLevel": 3,
    "memoryLevel": 7,
    "strategy": 0,
    "windowBits": 5
  },
  "shape": {
    "filename": "Faceline_10.glb",
    "transform": [
      [
        0.0,
        1.5,
        0.0
      ],
      [
        0.0,
        26.0,
        26.0
      ],
      [
        0.0,
        0.20999999344348907,
        0.5400000214576721
      ],
      [
        19.204986572265625,
        13.590206146240234,
        10.030719757080078
      ],
      [
        0.0,
        21.84398651123047,
        16.39834213256836
      ],
      [
        6.759781837463379,
        0.0,
        20.75659942626953
      ]
    ]
  }
}