{
  "partsInfo": {
    "compressLevel": 3,
    "memoryLevel": 7,
    "strategy": 0,
    "windowBits": 5
  },
  "shape": {
    "filename": "Faceline_8.glb",
    "transform": [
      [
        0.0,
        1.5,
        0.0
      ],
      [
        0.0,
        26.0,
        26.0
      ],
      [
        0.0,
        0.1599999964237213,
        1.5499999523162842
      ],
      [
        -11.742630004882812,
        6.38778018951416,
        6.69672966003418
      ],
      [
        0.0,
        -14.600324630737305,
        9.365730285644531
      ],
      [
        2.114786148071289,
        0.0,
        -12.611408233642578
      ]
    ]
  }
}