{
  "partsInfo": {
    "compressLevel": 3,
    "memoryLevel": 7,
    "strategy": 0,
    "windowBits": 5
  },
  "shape": {
    "filename": "Faceline_11.glb",
    "transform": [
      [
        0.0,
        3.0,
        0.0
      ],
      [
        0.0,
        27.5,
        26.0
      ],
      [
        0.0,
        -5.409999847412109,
        2.4800000190734863
      ],
      [
        -19.1772518157959,
        10.07957649230957,
        10.662343978881836
      ],
      [
        0.0,
        -19.965078353881836,
        10.776286125183105
      ],
      [
        8.033312797546387,
        0.0,
        -18.46096420288086
      ]
    ]
  }
}