{
  "partsInfo": {
    "compressLevel": 3,
    "memoryLevel": 7,
    "strategy": 0,
    "windowBits": 5
  },
  "shape": {
    "filename": "Faceline_6.glb",
    "transform": [
      [
        0.0,
        3.0,
        0.0
      ],
      [
        0.0,
        27.5,
        26.0
      ],
      [
        0.0,
        -2.6500000953674316,
        1.2699999809265137
      ],
      [
        -24.441341400146484,
        22.90134620666504,
        -4.325446605682373
      ],
      [
        0.0,
        -23.7984561920166,
        25.362459182739258
      ],
      [
        -8.650893211364746,
        0.0,
        -20.116500854492188
      ]
    ]
  }
}