{
  "partsInfo": {
    "compressLevel": 3,
    "memoryLevel": 7,
    "strategy": 0,
    "windowBits": 5
  },
  "shape": {
    "filename": "Forehead1_38.glb",
    "transform": [
      [
        -17.74275779724121,
        56.1469841003418,
        11.46320915222168
      ],
      [
        0.0,
        -15.71061897277832,
        54.22610855102539
      ],
      [
        15.932255744934082,
        0.0,
        -16.102684020996094
      ],
      [
        57.3581657409668,
        12.117842674255371,
        0.0
      ],
      [
        -17.66056251525879,
        53.27592849731445,
        15.021530151367188
      ],
      [
        0.0,
        -18.82939910888672,
        55.16450881958008
      ]
    ]
  }
}