{
  "partsInfo": {
    "compressLevel": 3,
    "memoryLevel": 7,
    "strategy": 0,
    "windowBits": 5
  },
  "shape": {
    "filename": "Forehead2_76.glb",
    "transform": [
      [
        19.820199966430664,
        48.104644775390625,
        15.003002166748047
      ],
      [
        0.0,
        15.1819429397583,
        50.450927734375
      ],
      [
        18.567506790161133,
        0.0,
        14.174843788146973
      ],
      [
        49.045326232910156,
        19.858369827270508,
        0.0
      ],
      [
        12.993851661682129,
        51.40971374511719,
        19.587825775146484
      ],
      [
        0.0,
        9.96494197845459,
        52.313636779785156
      ]
    ]
  }
}