{
  "partsInfo": {
    "compressLevel": 3,
    "memoryLevel": 7,
    "strategy": 0,
    "windowBits": 5
  },
  "shape": {
    "filename": "Forehead1_56.glb",
    "transform": [
      [
        21.787607192993164,
        51.55790328979492,
        10.286473274230957
      ],
      [
        0.0,
        20.35454750061035,
        54.21748733520508
      ],
      [
        10.487529754638672,
        0.0,
        19.925312042236328
      ],
      [
        51.65996170043945,
        13.711313247680664,
        0.0
      ],
      [
        23.999998092651367,
        46.222259521484375,
        9.128972053527832
      ],
      [
        0.0,
        19.820199966430664,
        48.104644775390625
      ]
    ]
  }
}