{
  "partsInfo": {
    "compressLevel": 3,
    "memoryLevel": 7,
    "strategy": 0,
    "windowBits": 5
  },
  "shape": {
    "filename": "Forehead2_116.glb",
    "transform": [
      [
        7.026461601257324,
        49.43191146850586,
        22.633941650390625
      ],
      [
        0.0,
        3.466614246368408,
        56.63630676269531
      ],
      [
        20.024259567260742,
        0.0,
        0.0
      ],
      [
        49.6046257019043,
        23.501220703125,
        0.0
      ],
      [
        14.063654899597168,
        54.91725158691406,
        17.306293487548828
      ],
      [
        0.0,
        6.887048721313477,
        56.35149383544922
      ]
    ]
  }
}