{
  "partsInfo": {
    "compressLevel": 3,
    "memoryLevel": 7,
    "strategy": 0,
    "windowBits": 5
  },
  "shape": {
    "filename": "Forehead1_23.glb",
    "transform": [
      [
        14.174843788146973,
        49.045326232910156,
        19.858369827270508
      ],
      [
        0.0,
        19.820199966430664,
        48.104644775390625
      ],
      [
        15.003002166748047,
        0.0,
        14.311627388000488
      ],
      [
        53.94538116455078,
        17.465892791748047,
        0.0
      ],
      [
        23.471416473388672,
        48.435203552246094,
        8.766420364379883
      ],
      [
        0.0,
        18.554386138916016,
        52.34786605834961
      ]
    ]
  }
}