{
  "partsInfo": {
    "compressLevel": 3,
    "memoryLevel": 7,
    "strategy": 0,
    "windowBits": 5
  },
  "shape": {
    "filename": "Forehead2_27.glb",
    "transform": [
      [
        14.174843788146973,
        49.045326232910156,
        19.858369827270508
      ],
      [
        0.0,
        8.92621898651123,
        51.40884017944336
      ],
      [
        20.881235122680664,
        0.0,
        7.026461601257324
      ],
      [
        49.43191146850586,
        22.633941650390625,
        0.0
      ],
      [
        15.09535026550293,
        58.11213684082031,
        14.66489315032959
      ],
      [
        0.0,
        7.205066680908203,
        53.16789627075195
      ]
    ]
  }
}