{
  "partsInfo": {
    "compressLevel": 3,
    "memoryLevel": 7,
    "strategy": 0,
    "windowBits": 5
  },
  "shape": {
    "filename": "Forehead1_118.glb",
    "transform": [
      [
        -18.706371307373047,
        50.31951904296875,
        15.333622932434082
      ],
      [
        0.0,
        -19.872756958007812,
        49.882301330566406
      ],
      [
        14.357156753540039,
        0.0,
        -19.820199966430664
      ],
      [
        48.104644775390625,
        15.003002166748047,
        0.0
      ],
      [
        -14.174843788146973,
        49.045326232910156,
        19.858369827270508
      ],
      [
        0.0,
        -15.08310317993164,
        51.00487518310547
      ]
    ]
  }
}