{
  "partsInfo": {
    "compressLevel": 3,
    "memoryLevel": 7,
    "strategy": 0,
    "windowBits": 5
  },
  "shape": {
    "filename": "Forehead1_82.glb",
    "transform": [
      [
        14.174843788146973,
        49.045326232910156,
        19.858369827270508
      ],
      [
        0.0,
        14.494077682495117,
        52.22938537597656
      ],
      [
        18.342071533203125,
        0.0,
        7.026461601257324
      ],
      [
        49.43191146850586,
        22.633941650390625,
        0.0
      ],
      [
        19.820199966430664,
        48.104644775390625,
        15.003002166748047
      ],
      [
        0.0,
        14.050779342651367,
        56.981563568115234
      ]
    ]
  }
}