{
  "partsInfo": {
    "compressLevel": 3,
    "memoryLevel": 7,
    "strategy": 0,
    "windowBits": 5
  },
  "shape": {
    "filename": "Forehead2_86.glb",
    "transform": [
      [
        6.272200584411621,
        52.763885498046875,
        20.797950744628906
      ],
      [
        0.0,
        4.999999046325684,
        52.0
      ],
      [
        21.275156021118164,
        0.0,
        7.026461601257324
      ],
      [
        49.43191146850586,
        22.633941650390625,
        0.0
      ],
      [
        7.4230055809021,
        53.730106353759766,
        20.002647399902344
      ],
      [
        0.0,
        3.321324586868286,
        51.443756103515625
      ]
    ]
  }
}