{
  "partsInfo": {
    "compressLevel": 3,
    "memoryLevel": 7,
    "strategy": 0,
    "windowBits": 5
  },
  "shape": {
    "filename": "Forehead1_80.glb",
    "transform": [
      [
        25.80725860595703,
        46.09245681762695,
        0.3551221489906311
      ],
      [
        0.0,
        25.518295288085938,
        39.580726623535156
      ],
      [
        4.713662624359131,
        0.0,
        26.30000114440918
      ],
      [
        39.32300567626953,
        0.242618590593338,
        0.0
      ],
      [
        25.0982666015625,
        46.13566589355469,
        4.8726806640625
      ],
      [
        0.0,
        26.464454650878906,
        39.07444763183594
      ]
    ]
  }
}