{
  "partsInfo": {
    "compressLevel": 3,
    "memoryLevel": 7,
    "strategy": 0,
    "windowBits": 5
  },
  "shape": {
    "filename": "Forehead1_106.glb",
    "transform": [
      [
        -16.45276641845703,
        14.149041175842285,
        -15.192917823791504
      ],
      [
        0.0,
        -12.666133880615234,
        16.27328872680664
      ],
      [
        -22.607107162475586,
        0.0,
        -13.024616241455078
      ],
      [
        11.930599212646484,
        -17.030975341796875,
        0.0
      ],
      [
        -9.221147537231445,
        10.682044982910156,
        -18.20518684387207
      ],
      [
        0.0,
        -8.744612693786621,
        15.336477279663086
      ]
    ]
  }
}