{
  "partsInfo": {
    "compressLevel": 3,
    "memoryLevel": 7,
    "strategy": 0,
    "windowBits": 5
  },
  "shape": {
    "filename": "Forehead1_59.glb",
    "transform": [
      [
        16.80282974243164,
        58.17351531982422,
        9.404415130615234
      ],
      [
        0.0,
        17.37166404724121,
        56.2842903137207
      ],
      [
        12.528223991394043,
        0.0,
        17.700000762939453
      ],
      [
        57.454307556152344,
        9.280587196350098,
        0.0
      ],
      [
        15.627857208251953,
        59.04011154174805,
        9.708503723144531
      ],
      [
        0.0,
        18.902881622314453,
        55.85094451904297
      ]
    ]
  }
}