{
  "partsInfo": {
    "compressLevel": 3,
    "memoryLevel": 7,
    "strategy": 0,
    "windowBits": 5
  },
  "shape": {
    "filename": "Forehead1_9.glb",
    "transform": [
      [
        6.917379379272461,
        58.53671646118164,
        17.80506706237793
      ],
      [
        0.0,
        10.529716491699219,
        60.42676544189453
      ],
      [
        13.95738697052002,
        0.0,
        7.005256652832031
      ],
      [
        61.919761657714844,
        14.975759506225586,
        0.0
      ],
      [
        10.57352066040039,
        55.6385498046875,
        18.61481475830078
      ],
      [
        0.0,
        3.512392997741699,
        62.51765441894531
      ]
    ]
  }
}