{
  "partsInfo": {
    "compressLevel": 3,
    "memoryLevel": 7,
    "strategy": 0,
    "windowBits": 5
  },
  "shape": {
    "filename": "Forehead2_80.glb",
    "transform": [
      [
        -22.540523529052734,
        48.50236892700195,
        10.997039794921875
      ],
      [
        0.0,
        -23.659912109375,
        49.56188201904297
      ],
      [
        7.634276866912842,
        0.0,
        -19.275001525878906
      ],
      [
        51.523216247558594,
        13.563910484313965,
        0.0
      ],
      [
        -25.0982666015625,
        46.13566589355469,
        4.8726806640625
      ],
      [
        0.0,
        -23.999998092651367,
        46.222259521484375
      ]
    ]
  }
}