{
  "partsInfo": {
    "compressLevel": 3,
    "memoryLevel": 7,
    "strategy": 0,
    "windowBits": 5
  },
  "shape": {
    "filename": "Forehead1_18.glb",
    "transform": [
      [
        -23.999998092651367,
        46.222259521484375,
        9.128972053527832
      ],
      [
        0.0,
        -19.820199966430664,
        48.104644775390625
      ],
      [
        15.003002166748047,
        0.0,
        -20.850000381469727
      ],
      [
        49.22660827636719,
        12.328890800476074,
        0.0
      ],
      [
        -17.525001525878906,
        51.76958465576172,
        15.247188568115234
      ],
      [
        0.0,
        -14.174843788146973,
        49.045326232910156
      ]
    ]
  }
}