{
  "partsInfo": {
    "compressLevel": 3,
    "memoryLevel": 7,
    "strategy": 0,
    "windowBits": 5
  },
  "shape": {
    "filename": "Forehead2_127.glb",
    "transform": [
      [
        -5.030519962310791,
        57.99756622314453,
        18.50112533569336
      ],
      [
        0.0,
        -9.773641586303711,
        56.92552185058594
      ],
      [
        17.877609252929688,
        0.0,
        -6.841196060180664
      ],
      [
        56.24518585205078,
        19.341524124145508,
        0.0
      ],
      [
        -3.4453344345092773,
        56.528160095214844,
        19.86029815673828
      ],
      [
        0.0,
        0.0,
        58.302574157714844
      ]
    ]
  }
}