{
  "partsInfo": {
    "compressLevel": 3,
    "memoryLevel": 7,
    "strategy": 0,
    "windowBits": 5
  },
  "shape": {
    "filename": "Forehead2_88.glb",
    "transform": [
      [
        2.5882763862609863,
        62.31082534790039,
        13.727104187011719
      ],
      [
        0.0,
        0.0,
        62.43236541748047
      ],
      [
        14.334495544433594,
        0.0,
        0.0
      ],
      [
        57.762184143066406,
        19.055892944335938,
        0.0
      ],
      [
        7.259388446807861,
        57.15534973144531,
        18.182788848876953
      ],
      [
        0.0,
        4.981870651245117,
        62.341148376464844
      ]
    ]
  }
}