{
  "partsInfo": {
    "compressLevel": 3,
    "memoryLevel": 7,
    "strategy": 0,
    "windowBits": 5
  },
  "shape": {
    "filename": "Forehead1_94.glb",
    "transform": [
      [
        26.299999237060547,
        33.436073303222656,
        0.0
      ],
      [
        0.0,
        23.999998092651367,
        46.222259521484375
      ],
      [
        9.128972053527832,
        0.0,
        23.999998092651367
      ],
      [
        33.436073303222656,
        9.028972625732422,
        0.0
      ],
      [
        -23.999998092651367,
        33.436073303222656,
        9.028972625732422
      ],
      [
        0.0,
        -23.999998092651367,
        46.222259521484375
      ]
    ]
  }
}