{
  "partsInfo": {
    "compressLevel": 3,
    "memoryLevel": 7,
    "strategy": 0,
    "windowBits": 5
  },
  "shape": {
    "filename": "Forehead2_50.glb",
    "transform": [
      [
        0.0,
        61.195865631103516,
        17.191959381103516
      ],
      [
        0.0,
        0.0,
        56.69215774536133
      ],
      [
        19.604528427124023,
        0.0,
        7.142857551574707
      ],
      [
        52.81564712524414,
        20.615802764892578,
        0.0
      ],
      [
        -7.026461601257324,
        49.43191146850586,
        22.633941650390625
      ],
      [
        0.0,
        -7.160135269165039,
        51.50239944458008
      ]
    ]
  }
}