{
  "partsInfo": {
    "compressLevel": 3,
    "memoryLevel": 7,
    "strategy": 0,
    "windowBits": 5
  },
  "shape": {
    "filename": "Forehead2_101.glb",
    "transform": [
      [
        19.820199966430664,
        48.104644775390625,
        15.003002166748047
      ],
      [
        0.0,
        13.779291152954102,
        50.48198318481445
      ],
      [
        19.613746643066406,
        0.0,
        14.174843788146973
      ],
      [
        49.045326232910156,
        19.858369827270508,
        0.0
      ],
      [
        18.592674255371094,
        49.54578399658203,
        15.17337703704834
      ],
      [
        0.0,
        10.639396667480469,
        50.66712951660156
      ]
    ]
  }
}