{
  "partsInfo": {
    "compressLevel": 3,
    "memoryLevel": 7,
    "strategy": 0,
    "windowBits": 5
  },
  "shape": {
    "filename": "Forehead2_20.glb",
    "transform": [
      [
        25.221778869628906,
        27.899267196655273,
        -4.325444221496582
      ],
      [
        0.0,
        25.791549682617188,
        33.100067138671875
      ],
      [
        -6.956503868103027,
        0.0,
        26.299999237060547
      ],
      [
        33.436073303222656,
        0.0,
        0.0
      ],
      [
        -25.221778869628906,
        27.899267196655273,
        -4.325444221496582
      ],
      [
        0.0,
        -26.299999237060547,
        33.436073303222656
      ]
    ]
  }
}