{
  "partsInfo": {
    "compressLevel": 3,
    "memoryLevel": 7,
    "strategy": 0,
    "windowBits": 5
  },
  "shape": {
    "filename": "Forehead1_10.glb",
    "transform": [
      [
        6.851358890533447,
        56.276187896728516,
        19.36956214904785
      ],
      [
        0.0,
        3.407500743865967,
        56.340797424316406
      ],
      [
        19.588109970092773,
        0.0,
        7.026461601257324
      ],
      [
        49.43191146850586,
        22.633941650390625,
        0.0
      ],
      [
        10.518924713134766,
        55.56862258911133,
        18.486106872558594
      ],
      [
        0.0,
        6.775989055633545,
        61.406063079833984
      ]
    ]
  }
}