{
  "partsInfo": {
    "compressLevel": 3,
    "memoryLevel": 7,
    "strategy": 0,
    "windowBits": 5
  },
  "shape": {
    "filename": "Forehead2_49.glb",
    "transform": [
      [
        -17.53814697265625,
        56.94472885131836,
        12.044914245605469
      ],
      [
        0.0,
        -19.604482650756836,
        55.83747100830078
      ],
      [
        11.556302070617676,
        0.0,
        -17.66451072692871
      ],
      [
        55.383853912353516,
        13.937678337097168,
        0.0
      ],
      [
        -20.692655563354492,
        54.31044006347656,
        10.640735626220703
      ],
      [
        0.0,
        -18.57994842529297,
        52.53137969970703
      ]
    ]
  }
}