{
  "partsInfo": {
    "compressLevel": 3,
    "memoryLevel": 7,
    "strategy": 0,
    "windowBits": 5
  },
  "shape": {
    "filename": "Forehead1_91.glb",
    "transform": [
      [
        22.413265228271484,
        51.52361297607422,
        9.135862350463867
      ],
      [
        0.0,
        20.35454750061035,
        54.21748733520508
      ],
      [
        10.487529754638672,
        0.0,
        19.925312042236328
      ],
      [
        51.65996170043945,
        13.711313247680664,
        0.0
      ],
      [
        19.820199966430664,
        48.104644775390625,
        15.003002166748047
      ],
      [
        0.0,
        23.999998092651367,
        46.222259521484375
      ]
    ]
  }
}