{
  "partsInfo": {
    "compressLevel": 3,
    "memoryLevel": 7,
    "strategy": 0,
    "windowBits": 5
  },
  "shape": {
    "filename": "Forehead2_5.glb",
    "transform": [
      [
        25.518295288085938,
        39.580726623535156,
        4.713662624359131
      ],
      [
        0.0,
        25.223543167114258,
        45.96217727661133
      ],
      [
        4.8726806640625,
        0.0,
        24.089155197143555
      ],
      [
        39.829166412353516,
        9.028972625732422,
        0.0
      ],
      [
        23.999998092651367,
        46.222259521484375,
        9.128972053527832
      ],
      [
        0.0,
        -25.518295288085938,
        39.580726623535156
      ]
    ]
  }
}