{
  "partsInfo": {
    "compressLevel": 3,
    "memoryLevel": 7,
    "strategy": 0,
    "windowBits": 5
  },
  "shape": {
    "filename": "Forehead2_1.glb",
    "transform": [
      [
        19.820199966430664,
        48.104644775390625,
        15.003002166748047
      ],
      [
        0.0,
        13.821005821228027,
        52.34962844848633
      ],
      [
        19.047643661499023,
        0.0,
        14.174843788146973
      ],
      [
        49.045326232910156,
        19.858369827270508,
        0.0
      ],
      [
        16.79267692565918,
        51.819705963134766,
        16.291200637817383
      ],
      [
        0.0,
        10.09005355834961,
        49.2662353515625
      ]
    ]
  }
}