{
  "partsInfo": {
    "compressLevel": 3,
    "memoryLevel": 7,
    "strategy": 0,
    "windowBits": 5
  },
  "shape": {
    "filename": "Forehead2_38.glb",
    "transform": [
      [
        -17.74275779724121,
        56.1469841003418,
        11.46320915222168
      ],
      [
        0.0,
        -16.605060577392578,
        53.87751007080078
      ],
      [
        15.537243843078613,
        0.0,
        -16.102684020996094
      ],
      [
        57.3581657409668,
        12.117842674255371,
        0.0
      ],
      [
        -17.660564422607422,
        53.27592849731445,
        15.021529197692871
      ],
      [
        0.0,
        -18.82939910888672,
        55.16450881958008
      ]
    ]
  }
}