{
  "partsInfo": {
    "compressLevel": 3,
    "memoryLevel": 7,
    "strategy": 0,
    "windowBits": 5
  },
  "shape": {
    "filename": "Forehead2_30.glb",
    "transform": [
      [
        -25.92328643798828,
        43.68137741088867,
        -3.808945655822754
      ],
      [
        0.0,
        -26.126262664794922,
        38.80670928955078
      ],
      [
        -7.886369705200195,
        0.0,
        -26.464454650878906
      ],
      [
        39.07444763183594,
        -3.6660428047180176,
        0.0
      ],
      [
        -25.658287048339844,
        41.774322509765625,
        -8.009037017822266
      ],
      [
        0.0,
        -25.8072566986084,
        45.571998596191406
      ]
    ]
  }
}