{
  "partsInfo": {
    "compressLevel": 3,
    "memoryLevel": 7,
    "strategy": 0,
    "windowBits": 5
  },
  "shape": {
    "filename": "Forehead2_59.glb",
    "transform": [
      [
        -16.963420867919922,
        53.175628662109375,
        15.544178009033203
      ],
      [
        0.0,
        -14.174843788146973,
        49.045326232910156
      ],
      [
        19.858369827270508,
        0.0,
        -13.927164077758789
      ],
      [
        54.53675079345703,
        17.151798248291016,
        0.0
      ],
      [
        -19.772724151611328,
        51.63611602783203,
        13.44520378112793
      ],
      [
        0.0,
        -19.820199966430664,
        48.104644775390625
      ]
    ]
  }
}