{
  "partsInfo": {
    "compressLevel": 3,
    "memoryLevel": 7,
    "strategy": 0,
    "windowBits": 5
  },
  "shape": {
    "filename": "Forehead2_105.glb",
    "transform": [
      [
        6.887048721313477,
        56.35149383544922,
        19.501598358154297
      ],
      [
        0.0,
        7.026461601257324,
        49.43191146850586
      ],
      [
        22.633941650390625,
        0.0,
        10.57352066040039
      ],
      [
        55.6385498046875,
        18.61481475830078,
        0.0
      ],
      [
        25.221778869628906,
        27.899267196655273,
        -4.325444221496582
      ],
      [
        0.0,
        25.791549682617188,
        33.100067138671875
      ]
    ]
  }
}