{
  "partsInfo": {
    "compressLevel": 3,
    "memoryLevel": 7,
    "strategy": 0,
    "windowBits": 5
  },
  "shape": {
    "filename": "Forehead2_28.glb",
    "transform": [
      [
        -14.174843788146973,
        49.045326232910156,
        19.858369827270508
      ],
      [
        0.0,
        -7.026461601257324,
        49.43191146850586
      ],
      [
        22.633941650390625,
        0.0,
        -10.57352066040039
      ],
      [
        55.6385498046875,
        18.61481475830078,
        0.0
      ],
      [
        -6.887048721313477,
        56.35149383544922,
        19.501598358154297
      ],
      [
        0.0,
        -6.80972957611084,
        61.50489807128906
      ]
    ]
  }
}