{
  "partsInfo": {
    "compressLevel": 3,
    "memoryLevel": 7,
    "strategy": 0,
    "windowBits": 5
  },
  "shape": {
    "filename": "Forehead2_87.glb",
    "transform": [
      [
        -23.999998092651367,
        33.436073303222656,
        9.028972625732422
      ],
      [
        0.0,
        -24.089155197143555,
        39.829166412353516
      ],
      [
        9.028972625732422,
        0.0,
        -25.518295288085938
      ],
      [
        39.580726623535156,
        4.713662624359131,
        0.0
      ],
      [
        -26.299999237060547,
        33.436073303222656,
        0.0
      ],
      [
        0.0,
        -26.30000114440918,
        39.32300567626953
      ]
    ]
  }
}