{
  "partsInfo": {
    "compressLevel": 3,
    "memoryLevel": 7,
    "strategy": 0,
    "windowBits": 5
  },
  "shape": {
    "filename": "Forehead1_27.glb",
    "transform": [
      [
        -11.337532043457031,
        59.559234619140625,
        15.655256271362305
      ],
      [
        0.0,
        -15.15340805053711,
        58.0765495300293
      ],
      [
        14.597780227661133,
        0.0,
        -8.655462265014648
      ],
      [
        53.212249755859375,
        20.243101119995117,
        0.0
      ],
      [
        -7.369385719299316,
        60.69082260131836,
        16.402118682861328
      ],
      [
        0.0,
        -14.174843788146973,
        49.045326232910156
      ]
    ]
  }
}