{
  "partsInfo": {
    "compressLevel": 3,
    "memoryLevel": 7,
    "strategy": 0,
    "windowBits": 5
  },
  "shape": {
    "filename": "Forehead1_29.glb",
    "transform": [
      [
        0.0,
        49.6046257019043,
        23.501220703125
      ],
      [
        0.0,
        3.466614246368408,
        56.63630676269531
      ],
      [
        20.024259567260742,
        0.0,
        0.0
      ],
      [
        56.69260025024414,
        20.211593627929688,
        0.0
      ],
      [
        7.026461601257324,
        49.43191146850586,
        22.633941650390625
      ],
      [
        0.0,
        -3.466614246368408,
        56.63630676269531
      ]
    ]
  }
}