{
  "partsInfo": {
    "compressLevel": 3,
    "memoryLevel": 7,
    "strategy": 0,
    "windowBits": 5
  },
  "shape": {
    "filename": "Forehead1_124.glb",
    "transform": [
      [
        -8.744612693786621,
        15.336477279663086,
        -23.7257022857666
      ],
      [
        0.0,
        -9.221147537231445,
        10.682044982910156
      ],
      [
        -18.20518684387207,
        0.0,
        -13.024616241455078
      ],
      [
        11.930599212646484,
        -17.030975341796875,
        0.0
      ],
      [
        -4.932711601257324,
        9.940814018249512,
        -18.95734405517578
      ],
      [
        0.0,
        8.744612693786621,
        15.336477279663086
      ]
    ]
  }
}