{
  "partsInfo": {
    "compressLevel": 3,
    "memoryLevel": 7,
    "strategy": 0,
    "windowBits": 5
  },
  "shape": {
    "filename": "Forehead2_55.glb",
    "transform": [
      [
        -17.190990447998047,
        53.3328857421875,
        15.783434867858887
      ],
      [
        0.0,
        -14.174843788146973,
        49.045326232910156
      ],
      [
        19.858369827270508,
        0.0,
        -14.117192268371582
      ],
      [
        54.710174560546875,
        17.41181755065918,
        0.0
      ],
      [
        -19.925312042236328,
        51.65996170043945,
        13.711313247680664
      ],
      [
        0.0,
        -19.820199966430664,
        48.104644775390625
      ]
    ]
  }
}