{
  "partsInfo": {
    "compressLevel": 3,
    "memoryLevel": 7,
    "strategy": 0,
    "windowBits": 5
  },
  "shape": {
    "filename": "Forehead1_30.glb",
    "transform": [
      [
        3.722747325897217,
        28.70694923400879,
        -32.17250061035156
      ],
      [
        0.0,
        6.962963104248047,
        36.904388427734375
      ],
      [
        -32.69602584838867,
        0.0,
        7.389005661010742
      ],
      [
        28.825729370117188,
        -31.455957412719727,
        0.0
      ],
      [
        3.512786865234375,
        36.965553283691406,
        -33.43827438354492
      ],
      [
        0.0,
        7.988099098205566,
        21.337358474731445
      ]
    ]
  }
}