{
  "partsInfo": {
    "compressLevel": 3,
    "memoryLevel": 7,
    "strategy": 0,
    "windowBits": 5
  },
  "shape": {
    "filename": "Forehead2_35.glb",
    "transform": [
      [
        16.45276641845703,
        14.149041175842285,
        -15.192917823791504
      ],
      [
        0.0,
        16.27338218688965,
        17.64023208618164
      ],
      [
        -21.01934242248535,
        0.0,
        18.908170700073242
      ],
      [
        19.48781394958496,
        -19.381053924560547,
        0.0
      ],
      [
        8.744612693786621,
        15.336477279663086,
        -23.7257022857666
      ],
      [
        0.0,
        12.666133880615234,
        16.27328872680664
      ]
    ]
  }
}