{
  "partsInfo": {
    "compressLevel": 3,
    "memoryLevel": 7,
    "strategy": 0,
    "windowBits": 5
  },
  "shape": {
    "filename": "Forehead2_65.glb",
    "transform": [
      [
        0.0,
        66.180908203125,
        5.7738189697265625
      ],
      [
        0.0,
        0.0,
        65.42193603515625
      ],
      [
        8.539956092834473,
        0.0,
        2.655334949493408
      ],
      [
        65.99784088134766,
        5.567712783813477,
        0.0
      ],
      [
        -2.655334949493408,
        65.99784088134766,
        5.567712783813477
      ],
      [
        0.0,
        3.391409158706665,
        65.29559326171875
      ]
    ]
  }
}