{
  "partsInfo": {
    "compressLevel": 3,
    "memoryLevel": 7,
    "strategy": 0,
    "windowBits": 5
  },
  "shape": {
    "filename": "Forehead1_11.glb",
    "transform": [
      [
        26.299999237060547,
        33.436073303222656,
        0.0
      ],
      [
        0.0,
        25.518295288085938,
        39.580726623535156
      ],
      [
        4.713662624359131,
        0.0,
        23.999998092651367
      ],
      [
        33.436073303222656,
        9.028972625732422,
        0.0
      ],
      [
        0.0,
        49.6046257019043,
        23.501220703125
      ],
      [
        0.0,
        3.466614246368408,
        56.63630676269531
      ]
    ]
  }
}