{
  "partsInfo": {
    "compressLevel": 3,
    "memoryLevel": 7,
    "strategy": 0,
    "windowBits": 5
  },
  "shape": {
    "filename": "Forehead2_84.glb",
    "transform": [
      [
        14.100019454956055,
        59.041595458984375,
        13.12059211730957
      ],
      [
        0.0,
        10.57352066040039,
        55.6385498046875
      ],
      [
        18.61481475830078,
        0.0,
        14.117192268371582
      ],
      [
        54.710174560546875,
        17.41181755065918,
        0.0
      ],
      [
        17.190990447998047,
        53.3328857421875,
        15.783434867858887
      ],
      [
        0.0,
        14.174843788146973,
        49.045326232910156
      ]
    ]
  }
}