{
  "partsInfo": {
    "compressLevel": 3,
    "memoryLevel": 7,
    "strategy": 0,
    "windowBits": 5
  },
  "shape": {
    "filename": "Forehead2_23.glb",
    "transform": [
      [
        23.999998092651367,
        46.222259521484375,
        9.128972053527832
      ],
      [
        0.0,
        23.471416473388672,
        48.435203552246094
      ],
      [
        8.766420364379883,
        0.0,
        18.554386138916016
      ],
      [
        52.34786605834961,
        14.266429901123047,
        0.0
      ],
      [
        19.820199966430664,
        48.104644775390625,
        15.003002166748047
      ],
      [
        0.0,
        22.46929168701172,
        50.7548828125
      ]
    ]
  }
}