{
  "partsInfo": {
    "compressLevel": 3,
    "memoryLevel": 7,
    "strategy": 0,
    "windowBits": 5
  },
  "shape": {
    "filename": "Forehead2_8.glb",
    "transform": [
      [
        6.748476982116699,
        56.104007720947266,
        18.96104621887207
      ],
      [
        0.0,
        3.3961477279663086,
        56.38677215576172
      ],
      [
        19.47161293029785,
        0.0,
        7.026461601257324
      ],
      [
        49.43191146850586,
        22.633941650390625,
        0.0
      ],
      [
        10.379087448120117,
        55.40642547607422,
        18.084754943847656
      ],
      [
        0.0,
        0.0,
        49.6046257019043
      ]
    ]
  }
}