{
  "partsInfo": {
    "compressLevel": 3,
    "memoryLevel": 7,
    "strategy": 0,
    "windowBits": 5
  },
  "shape": {
    "filename": "Forehead2_6.glb",
    "transform": [
      [
        -23.999998092651367,
        46.222259521484375,
        9.128972053527832
      ],
      [
        0.0,
        -19.820199966430664,
        48.104644775390625
      ],
      [
        15.003002166748047,
        0.0,
        -21.130374908447266
      ],
      [
        50.33875274658203,
        12.686107635498047,
        0.0
      ],
      [
        -16.615306854248047,
        53.42763900756836,
        15.920208930969238
      ],
      [
        0.0,
        -14.174843788146973,
        49.045326232910156
      ]
    ]
  }
}