{
  "partsInfo": {
    "compressLevel": 3,
    "memoryLevel": 7,
    "strategy": 0,
    "windowBits": 5
  },
  "shape": {
    "filename": "Forehead1_126.glb",
    "transform": [
      [
        25.29024887084961,
        39.829166412353516,
        4.564486026763916
      ],
      [
        0.0,
        23.999998092651367,
        46.222259521484375
      ],
      [
        9.128972053527832,
        0.0,
        24.089155197143555
      ],
      [
        39.829166412353516,
        9.028972625732422,
        0.0
      ],
      [
        -23.999998092651367,
        33.436073303222656,
        9.028972625732422
      ],
      [
        0.0,
        -24.089155197143555,
        39.829166412353516
      ]
    ]
  }
}