{
  "partsInfo": {
    "compressLevel": 3,
    "memoryLevel": 7,
    "strategy": 0,
    "windowBits": 5
  },
  "shape": {
    "filename": "Forehead1_57.glb",
    "transform": [
      [
        -5.998092174530029,
        52.108787536621094,
        21.299745559692383
      ],
      [
        0.0,
        -5.000000476837158,
        54.974456787109375
      ],
      [
        19.736133575439453,
        0.0,
        -9.988954544067383
      ],
      [
        54.53553771972656,
        19.148536682128906,
        0.0
      ],
      [
        -8.16213607788086,
        51.485206604003906,
        20.959457397460938
      ],
      [
        0.0,
        -3.0432021617889404,
        52.40867614746094
      ]
    ]
  }
}