{
  "partsInfo": {
    "compressLevel": 3,
    "memoryLevel": 7,
    "strategy": 0,
    "windowBits": 5
  },
  "shape": {
    "filename": "Forehead1_88.glb",
    "transform": [
      [
        9.845205307006836,
        63.61228561401367,
        7.0672221183776855
      ],
      [
        0.0,
        8.59499740600586,
        63.191951751708984
      ],
      [
        8.97586441040039,
        0.0,
        10.456321716308594
      ],
      [
        62.72728729248047,
        8.388382911682129,
        0.0
      ],
      [
        10.905413627624512,
        64.05229187011719,
        5.094037055969238
      ],
      [
        0.0,
        7.013407230377197,
        62.80373001098633
      ]
    ]
  }
}