{
  "partsInfo": {
    "compressLevel": 3,
    "memoryLevel": 7,
    "strategy": 0,
    "windowBits": 5
  },
  "shape": {
    "filename": "Forehead1_41.glb",
    "transform": [
      [
        3.3908116817474365,
        66.8830795288086,
        -6.587802886962891
      ],
      [
        0.0,
        6.666666030883789,
        66.49742889404297
      ],
      [
        1.0917837619781494,
        0.0,
        6.741325378417969
      ],
      [
        66.35910034179688,
        -6.4583635330200195,
        0.0
      ],
      [
        3.353245258331299,
        67.02333068847656,
        1.1133204698562622
      ],
      [
        0.0,
        6.745443344116211,
        64.91665649414062
      ]
    ]
  }
}