{
  "partsInfo": {
    "compressLevel": 3,
    "memoryLevel": 7,
    "strategy": 0,
    "windowBits": 5
  },
  "shape": {
    "filename": "Forehead2_113.glb",
    "transform": [
      [
        23.7984561920166,
        22.362459182739258,
        -8.650893211364746
      ],
      [
        0.0,
        20.116500854492188,
        17.653400421142578
      ],
      [
        -12.328899383544922,
        0.0,
        20.930002212524414
      ],
      [
        22.038284301757812,
        -16.887392044067383,
        0.0
      ],
      [
        18.908170700073242,
        19.48781394958496,
        -19.381053924560547
      ],
      [
        0.0,
        16.45276641845703,
        14.149041175842285
      ]
    ]
  }
}