{
  "partsInfo": {
    "compressLevel": 3,
    "memoryLevel": 7,
    "strategy": 0,
    "windowBits": 5
  },
  "shape": {
    "filename": "Forehead1_1.glb",
    "transform": [
      [
        7.026461601257324,
        49.43191146850586,
        22.633941650390625
      ],
      [
        0.0,
        4.381744861602783,
        50.80295181274414
      ],
      [
        22.588375091552734,
        0.0,
        3.513230800628662
      ],
      [
        49.518272399902344,
        23.06757926940918,
        0.0
      ],
      [
        6.93098258972168,
        52.59811782836914,
        21.735246658325195
      ],
      [
        0.0,
        14.174843788146973,
        49.045326232910156
      ]
    ]
  }
}