{
  "partsInfo": {
    "compressLevel": 3,
    "memoryLevel": 7,
    "strategy": 0,
    "windowBits": 5
  },
  "shape": {
    "filename": "Forehead1_26.glb",
    "transform": [
      [
        17.45677947998047,
        56.84535598754883,
        11.957466125488281
      ],
      [
        0.0,
        14.117192268371582,
        54.710174560546875
      ],
      [
        17.41181755065918,
        0.0,
        17.190990447998047
      ],
      [
        53.3328857421875,
        15.783434867858887,
        0.0
      ],
      [
        19.820199966430664,
        48.104644775390625,
        15.003002166748047
      ],
      [
        0.0,
        23.999998092651367,
        46.222259521484375
      ]
    ]
  }
}