{
  "partsInfo": {
    "compressLevel": 3,
    "memoryLevel": 7,
    "strategy": 0,
    "windowBits": 5
  },
  "shape": {
    "filename": "Forehead2_53.glb",
    "transform": [
      [
        -20.116500854492188,
        17.653400421142578,
        -12.328899383544922
      ],
      [
        0.0,
        -18.908170700073242,
        19.48781394958496
      ],
      [
        -19.381053924560547,
        0.0,
        -16.45276641845703
      ],
      [
        14.149041175842285,
        -15.192917823791504,
        0.0
      ],
      [
        -16.27338218688965,
        17.64023208618164,
        -21.01934242248535
      ],
      [
        0.0,
        -12.666133880615234,
        16.27328872680664
      ]
    ]
  }
}