{
  "partsInfo": {
    "compressLevel": 3,
    "memoryLevel": 7,
    "strategy": 0,
    "windowBits": 5
  },
  "shape": {
    "filename": "Forehead1_31.glb",
    "transform": [
      [
        10.000000953674316,
        54.54866409301758,
        19.175678253173828
      ],
      [
        0.0,
        5.000000476837158,
        55.087501525878906
      ],
      [
        20.838003158569336,
        0.0,
        7.026461601257324
      ],
      [
        49.43191146850586,
        22.633941650390625,
        0.0
      ],
      [
        0.0,
        49.6046257019043,
        23.501220703125
      ],
      [
        0.0,
        0.0,
        55.400245666503906
      ]
    ]
  }
}