{
  "partsInfo": {
    "compressLevel": 3,
    "memoryLevel": 7,
    "strategy": 0,
    "windowBits": 5
  },
  "shape": {
    "filename": "Forehead2_97.glb",
    "transform": [
      [
        23.999998092651367,
        46.222259521484375,
        9.128972053527832
      ],
      [
        0.0,
        21.082429885864258,
        48.57210159301758
      ],
      [
        12.472953796386719,
        0.0,
        19.820199966430664
      ],
      [
        48.104644775390625,
        15.003002166748047,
        0.0
      ],
      [
        19.297277450561523,
        50.03043746948242,
        14.572961807250977
      ],
      [
        0.0,
        16.5712833404541,
        51.70622253417969
      ]
    ]
  }
}