{
  "partsInfo": {
    "compressLevel": 3,
    "memoryLevel": 7,
    "strategy": 0,
    "windowBits": 5
  },
  "shape": {
    "filename": "Forehead1_117.glb",
    "transform": [
      [
        -14.174843788146973,
        49.045326232910156,
        19.858369827270508
      ],
      [
        0.0,
        -10.432683944702148,
        55.42658233642578
      ],
      [
        18.300168991088867,
        0.0,
        -13.922628402709961
      ],
      [
        54.51034164428711,
        17.11859703063965,
        0.0
      ],
      [
        -7.026461601257324,
        49.43191146850586,
        22.633941650390625
      ],
      [
        0.0,
        -16.932588577270508,
        53.165565490722656
      ]
    ]
  }
}