{
  "partsInfo": {
    "compressLevel": 3,
    "memoryLevel": 7,
    "strategy": 0,
    "windowBits": 5
  },
  "shape": {
    "filename": "Forehead2_128.glb",
    "transform": [
      [
        19.820199966430664,
        48.104644775390625,
        15.003002166748047
      ],
      [
        0.0,
        14.050779342651367,
        56.981563568115234
      ],
      [
        15.5365571975708,
        0.0,
        14.494077682495117
      ],
      [
        52.22938537597656,
        18.342071533203125,
        0.0
      ],
      [
        7.287876605987549,
        54.575462341308594,
        20.831378936767578
      ],
      [
        0.0,
        7.025389671325684,
        59.98920822143555
      ]
    ]
  }
}