{
  "partsInfo": {
    "compressLevel": 3,
    "memoryLevel": 7,
    "strategy": 0,
    "windowBits": 5
  },
  "shape": {
    "filename": "Forehead1_97.glb",
    "transform": [
      [
        23.999998092651367,
        46.222259521484375,
        9.128972053527832
      ],
      [
        0.0,
        23.109397888183594,
        49.32277297973633
      ],
      [
        8.41004467010498,
        0.0,
        19.820199966430664
      ],
      [
        48.104644775390625,
        15.003002166748047,
        0.0
      ],
      [
        18.316152572631836,
        53.64365005493164,
        13.766108512878418
      ],
      [
        0.0,
        14.174843788146973,
        49.045326232910156
      ]
    ]
  }
}