{
  "partsInfo": {
    "compressLevel": 3,
    "memoryLevel": 7,
    "strategy": 0,
    "windowBits": 5
  },
  "shape": {
    "filename": "Forehead1_15.glb",
    "transform": [
      [
        -19.768047332763672,
        53.79596710205078,
        10.066774368286133
      ],
      [
        0.0,
        -16.657255172729492,
        52.987281799316406
      ],
      [
        15.24086856842041,
        0.0,
        -16.926136016845703
      ],
      [
        56.388057708740234,
        11.501407623291016,
        0.0
      ],
      [
        -19.34197998046875,
        51.34611511230469,
        13.201498031616211
      ],
      [
        0.0,
        -13.751482009887695,
        54.332359313964844
      ]
    ]
  }
}