{
  "partsInfo": {
    "compressLevel": 3,
    "memoryLevel": 7,
    "strategy": 0,
    "windowBits": 5
  },
  "shape": {
    "filename": "Forehead1_123.glb",
    "transform": [
      [
        19.820199966430664,
        48.104644775390625,
        15.003002166748047
      ],
      [
        0.0,
        23.999998092651367,
        46.222259521484375
      ],
      [
        9.128972053527832,
        0.0,
        19.925312042236328
      ],
      [
        51.65996170043945,
        13.711313247680664,
        0.0
      ],
      [
        17.190990447998047,
        53.3328857421875,
        15.783434867858887
      ],
      [
        0.0,
        14.174843788146973,
        49.045326232910156
      ]
    ]
  }
}