{
  "partsInfo": {
    "compressLevel": 3,
    "memoryLevel": 7,
    "strategy": 0,
    "windowBits": 5
  },
  "shape": {
    "filename": "Forehead1_20.glb",
    "transform": [
      [
        -14.010055541992188,
        61.813255310058594,
        7.400302410125732
      ],
      [
        0.0,
        -17.45677947998047,
        56.84535598754883
      ],
      [
        11.957466125488281,
        0.0,
        -14.100019454956055
      ],
      [
        59.041595458984375,
        13.12059211730957,
        0.0
      ],
      [
        -14.117192268371582,
        54.710174560546875,
        17.41181755065918
      ],
      [
        0.0,
        -17.190990447998047,
        53.3328857421875
      ]
    ]
  }
}