{
  "partsInfo": {
    "compressLevel": 3,
    "memoryLevel": 7,
    "strategy": 0,
    "windowBits": 5
  },
  "shape": {
    "filename": "Forehead2_12.glb",
    "transform": [
      [
        19.820199966430664,
        48.104644775390625,
        15.003002166748047
      ],
      [
        0.0,
        17.67478370666504,
        51.522186279296875
      ],
      [
        16.317142486572266,
        0.0,
        14.174843788146973
      ],
      [
        49.045326232910156,
        19.858369827270508,
        0.0
      ],
      [
        18.33495330810547,
        56.24038314819336,
        12.786513328552246
      ],
      [
        0.0,
        14.660924911499023,
        52.91229248046875
      ]
    ]
  }
}