{
  "partsInfo": {
    "compressLevel": 3,
    "memoryLevel": 7,
    "strategy": 0,
    "windowBits": 5
  },
  "shape": {
    "filename": "Forehead1_68.glb",
    "transform": [
      [
        -17.083274841308594,
        53.28487014770508,
        15.658154487609863
      ],
      [
        0.0,
        -16.715036392211914,
        49.99492645263672
      ],
      [
        17.1882266998291,
        0.0,
        -16.16638946533203
      ],
      [
        53.7919807434082,
        16.326229095458984,
        0.0
      ],
      [
        -18.392154693603516,
        50.674163818359375,
        15.271788597106934
      ],
      [
        0.0,
        -15.022806167602539,
        51.11954116821289
      ]
    ]
  }
}