{
  "partsInfo": {
    "compressLevel": 3,
    "memoryLevel": 7,
    "strategy": 0,
    "windowBits": 5
  },
  "shape": {
    "filename": "Forehead1_58.glb",
    "transform": [
      [
        0.0,
        65.62554168701172,
        8.56041431427002
      ],
      [
        0.0,
        -2.6070120334625244,
        61.92413330078125
      ],
      [
        14.950953483581543,
        0.0,
        0.0
      ],
      [
        62.01816940307617,
        15.088359832763672,
        0.0
      ],
      [
        2.6070117950439453,
        61.92413330078125,
        14.950953483581543
      ],
      [
        0.0,
        0.0,
        56.69260025024414
      ]
    ]
  }
}