{
  "partsInfo": {
    "compressLevel": 3,
    "memoryLevel": 7,
    "strategy": 0,
    "windowBits": 5
  },
  "shape": {
    "filename": "Forehead1_45.glb",
    "transform": [
      [
        -23.999998092651367,
        46.222259521484375,
        9.128972053527832
      ],
      [
        0.0,
        -19.820199966430664,
        48.104644775390625
      ],
      [
        15.003002166748047,
        0.0,
        -20.936683654785156
      ],
      [
        49.257423400878906,
        12.164169311523438,
        0.0
      ],
      [
        -19.27414321899414,
        50.726646423339844,
        13.916410446166992
      ],
      [
        0.0,
        -17.340497970581055,
        51.928016662597656
      ]
    ]
  }
}