{
  "partsInfo": {
    "compressLevel": 3,
    "memoryLevel": 7,
    "strategy": 0,
    "windowBits": 5
  },
  "shape": {
    "filename": "Forehead2_46.glb",
    "transform": [
      [
        -7.026461601257324,
        49.43191146850586,
        22.633941650390625
      ],
      [
        0.0,
        0.0,
        49.6046257019043
      ],
      [
        23.501220703125,
        0.0,
        -6.887048721313477
      ],
      [
        56.35149383544922,
        19.501598358154297,
        0.0
      ],
      [
        7.026461601257324,
        49.43191146850586,
        22.633941650390625
      ],
      [
        0.0,
        6.887048721313477,
        56.35149383544922
      ]
    ]
  }
}