{
  "partsInfo": {
    "compressLevel": 3,
    "memoryLevel": 7,
    "strategy": 0,
    "windowBits": 5
  },
  "shape": {
    "filename": "Forehead1_110.glb",
    "transform": [
      [
        -25.31428337097168,
        38.91586685180664,
        3.8695592880249023
      ],
      [
        0.0,
        -26.299999237060547,
        33.436073303222656
      ],
      [
        0.0,
        0.0,
        -23.999998092651367
      ],
      [
        33.436073303222656,
        9.028972625732422,
        0.0
      ],
      [
        25.31428337097168,
        38.91586685180664,
        3.8695595264434814
      ],
      [
        0.0,
        23.999998092651367,
        46.222259521484375
      ]
    ]
  }
}