{
  "partsInfo": {
    "compressLevel": 3,
    "memoryLevel": 7,
    "strategy": 0,
    "windowBits": 5
  },
  "shape": {
    "filename": "Forehead1_52.glb",
    "transform": [
      [
        7.352802753448486,
        53.65209197998047,
        20.835968017578125
      ],
      [
        0.0,
        3.414283037185669,
        53.748722076416016
      ],
      [
        21.47536277770996,
        0.0,
        7.026461601257324
      ],
      [
        49.43191146850586,
        22.633941650390625,
        0.0
      ],
      [
        10.57352066040039,
        53.575294494628906,
        20.246305465698242
      ],
      [
        0.0,
        3.4264917373657227,
        59.2886962890625
      ]
    ]
  }
}