{
  "partsInfo": {
    "compressLevel": 3,
    "memoryLevel": 7,
    "strategy": 0,
    "windowBits": 5
  },
  "shape": {
    "filename": "Forehead1_22.glb",
    "transform": [
      [
        6.724120140075684,
        55.952980041503906,
        18.920635223388672
      ],
      [
        0.0,
        3.3743131160736084,
        56.17820739746094
      ],
      [
        19.346317291259766,
        0.0,
        7.026461601257324
      ],
      [
        49.43191146850586,
        22.633941650390625,
        0.0
      ],
      [
        10.57352066040039,
        55.6385498046875,
        18.61481475830078
      ],
      [
        0.0,
        6.80972957611084,
        61.50489807128906
      ]
    ]
  }
}