{
  "partsInfo": {
    "compressLevel": 3,
    "memoryLevel": 7,
    "strategy": 0,
    "windowBits": 5
  },
  "shape": {
    "filename": "Forehead1_51.glb",
    "transform": [
      [
        -14.174843788146973,
        49.045326232910156,
        19.858369827270508
      ],
      [
        0.0,
        -10.57352066040039,
        55.6385498046875
      ],
      [
        18.61481475830078,
        0.0,
        -14.117192268371582
      ],
      [
        54.710174560546875,
        17.41181755065918,
        0.0
      ],
      [
        -7.026461601257324,
        49.43191146850586,
        22.633941650390625
      ],
      [
        0.0,
        -17.190990447998047,
        53.3328857421875
      ]
    ]
  }
}