{
  "partsInfo": {
    "compressLevel": 3,
    "memoryLevel": 7,
    "strategy": 0,
    "windowBits": 5
  },
  "shape": {
    "filename": "Forehead2_67.glb",
    "transform": [
      [
        10.0,
        54.32855224609375,
        19.29729652404785
      ],
      [
        0.0,
        5.000181198120117,
        54.03274154663086
      ],
      [
        20.24298667907715,
        0.0,
        7.026461601257324
      ],
      [
        49.43191146850586,
        22.633941650390625,
        0.0
      ],
      [
        19.820199966430664,
        48.104644775390625,
        15.003002166748047
      ],
      [
        0.0,
        23.999998092651367,
        46.222259521484375
      ]
    ]
  }
}