{
  "partsInfo": {
    "compressLevel": 3,
    "memoryLevel": 7,
    "strategy": 0,
    "windowBits": 5
  },
  "shape": {
    "filename": "Hair1_31.glb",
    "transform": [
      [
        0.0,
        67.0,
        19.0
      ],
      [
        0.48869219422340393,
        0.0,
        0.0
      ],
      [
        -22.063899993896484,
        60.58100128173828,
        0.18999600410461426
      ],
      [
        0.0,
        0.0,
        0.7853981852531433
      ],
      [
        0.0,
        68.42530059814453,
        -16.514799118041992
      ],
      [
        -0.4363323152065277,
        0.0,
        0.0
      ]
    ]
  }
}