{
  "partsInfo": {
    "compressLevel": 3,
    "memoryLevel": 7,
    "strategy": 0,
    "windowBits": 5
  },
  "shape": {
    "filename": "Hair2_32.glb",
    "transform": [
      [
        3.5000038146972656,
        -2.0,
        -19.438684463500977
      ],
      [
        0.0,
        7.000007629394531,
        0.0
      ],
      [
        -19.627540588378906,
        0.0,
        0.0
      ],
      [
        -4.0,
        -19.249826431274414,
        0.0
      ],
      [
        10.302589416503906,
        7.5,
        -10.717940330505371
      ],
      [
        0.0,
        5.383644104003906,
        2.051535129547119
      ]
    ]
  }
}