{
  "partsInfo": {
    "compressLevel": 3,
    "memoryLevel": 7,
    "strategy": 0,
    "windowBits": 5
  },
  "shape": {
    "filename": "Hair2_78.glb",
    "transform": [
      [
        -26.782135009765625,
        38.45849609375,
        -10.821938514709473
      ],
      [
        0.0,
        -24.491262435913086,
        37.61193084716797
      ],
      [
        -17.399402618408203,
        0.0,
        -26.01524543762207
      ],
      [
        32.95890426635742,
        -15.276823997497559,
        0.0
      ],
      [
        -27.588062286376953,
        35.98320770263672,
        -9.557819366455078
      ],
      [
        0.0,
        -27.209672927856445,
        39.17939758300781
      ]
    ]
  }
}