{
  "partsInfo": {
    "compressLevel": 3,
    "memoryLevel": 7,
    "strategy": 0,
    "windowBits": 5
  },
  "shape": {
    "filename": "Hair2_22.glb",
    "transform": [
      [
        23.122140884399414,
        26.2197208404541,
        18.40439224243164
      ],
      [
        0.0,
        24.110206604003906,
        29.865863800048828
      ],
      [
        17.121734619140625,
        0.0,
        23.05228042602539
      ],
      [
        29.088048934936523,
        19.06206512451172,
        0.0
      ],
      [
        23.957408905029297,
        27.001955032348633,
        17.06841278076172
      ],
      [
        0.0,
        22.68630599975586,
        20.958051681518555
      ]
    ]
  }
}