{
  "partsInfo": {
    "compressLevel": 3,
    "memoryLevel": 7,
    "strategy": 0,
    "windowBits": 5
  },
  "shape": {
    "filename": "Hair2_106.glb",
    "transform": [
      [
        -20.74456024169922,
        3.506746768951416,
        -20.88821792602539
      ],
      [
        0.0,
        -23.27126693725586,
        7.838065147399902
      ],
      [
        -22.230552673339844,
        0.0,
        -18.25411033630371
      ],
      [
        3.1050591468811035,
        -24.837631225585938,
        0.0
      ],
      [
        -22.36321449279785,
        3.978752851486206,
        -16.892147064208984
      ],
      [
        0.0,
        -24.390268325805664,
        5.697336673736572
      ]
    ]
  }
}