{
  "partsInfo": {
    "compressLevel": 3,
    "memoryLevel": 7,
    "strategy": 0,
    "windowBits": 5
  },
  "shape": {
    "filename": "Hair2_94.glb",
    "transform": [
      [
        -20.049989700317383,
        39.857872009277344,
        19.201377868652344
      ],
      [
        0.0,
        -19.452150344848633,
        42.86966323852539
      ],
      [
        20.136499404907227,
        0.0,
        -21.270069122314453
      ],
      [
        42.01145935058594,
        17.486425399780273,
        0.0
      ],
      [
        -19.406784057617188,
        40.171356201171875,
        20.63709259033203
      ],
      [
        0.0,
        -18.616439819335938,
        37.0
      ]
    ]
  }
}