{
  "partsInfo": {
    "compressLevel": 3,
    "memoryLevel": 7,
    "strategy": 0,
    "windowBits": 5
  },
  "shape": {
    "filename": "Hair2_127.glb",
    "transform": [
      [
        23.999998092651367,
        33.436073303222656,
        9.028972625732422
      ],
      [
        0.0,
        26.299999237060547,
        33.436073303222656
      ],
      [
        0.0,
        0.0,
        26.301668167114258
      ],
      [
        39.155601501464844,
        5.916319847106934,
        0.0
      ],
      [
        24.089155197143555,
        39.829166412353516,
        9.028972625732422
      ],
      [
        0.0,
        23.999998092651367,
        46.222259521484375
      ]
    ]
  }
}