{
  "partsInfo": {
    "compressLevel": 3,
    "memoryLevel": 7,
    "strategy": 0,
    "windowBits": 5
  },
  "shape": {
    "filename": "Hair2_95.glb",
    "transform": [
      [
        -20.562549591064453,
        47.2327995300293,
        15.173090934753418
      ],
      [
        0.0,
        -22.274282455444336,
        43.86940002441406
      ],
      [
        15.539283752441406,
        0.0,
        -18.626359939575195
      ],
      [
        47.10977554321289,
        18.672212600708008,
        0.0
      ],
      [
        -16.3654842376709,
        50.36086654663086,
        18.757835388183594
      ],
      [
        0.0,
        -24.126131057739258,
        43.659202575683594
      ]
    ]
  }
}