{
  "partsInfo": {
    "compressLevel": 3,
    "memoryLevel": 7,
    "strategy": 0,
    "windowBits": 5
  },
  "shape": {
    "filename": "Hair2_86.glb",
    "transform": [
      [
        -24.690540313720703,
        40.101348876953125,
        10.078492164611816
      ],
      [
        0.0,
        0.0,
        27.20024871826172
      ],
      [
        10.999999046325684,
        0.0,
        -24.22860336303711
      ],
      [
        43.5,
        10.313973426818848,
        0.0
      ],
      [
        -24.88550567626953,
        36.9053840637207,
        9.999999046325684
      ],
      [
        0.0,
        -23.542972564697266,
        47.0
      ]
    ]
  }
}