{
  "partsInfo": {
    "compressLevel": 3,
    "memoryLevel": 7,
    "strategy": 0,
    "windowBits": 5
  },
  "shape": {
    "filename": "Hair2_62.glb",
    "transform": [
      [
        15.47784423828125,
        43.33158493041992,
        21.097759246826172
      ],
      [
        0.0,
        16.698707580566406,
        46.601585388183594
      ],
      [
        20.087995529174805,
        0.0,
        15.47767448425293
      ],
      [
        47.181549072265625,
        21.377344131469727,
        0.0
      ],
      [
        17.995269775390625,
        46.14076614379883,
        18.6610050201416
      ],
      [
        0.0,
        15.189723014831543,
        50.006187438964844
      ]
    ]
  }
}