{
  "partsInfo": {
    "compressLevel": 3,
    "memoryLevel": 7,
    "strategy": 0,
    "windowBits": 5
  },
  "shape": {
    "filename": "Hair2_108.glb",
    "transform": [
      [
        -29.16765594482422,
        16.563142776489258,
        -2.348050117492676
      ],
      [
        0.0,
        -28.293703079223633,
        13.56689453125
      ],
      [
        4.799530982971191,
        0.0,
        -29.210186004638672
      ],
      [
        17.65258026123047,
        3.8417696952819824,
        0.0
      ],
      [
        -28.181365966796875,
        12.217268943786621,
        -1.430074691772461
      ],
      [
        0.0,
        -29.832735061645508,
        21.826162338256836
      ]
    ]
  }
}