{
  "partsInfo": {
    "compressLevel": 3,
    "memoryLevel": 7,
    "strategy": 0,
    "windowBits": 5
  },
  "shape": {
    "filename": "Hair2_98.glb",
    "transform": [
      [
        -22.399322509765625,
        39.278541564941406,
        16.79448699951172
      ],
      [
        0.0,
        -22.63665771484375,
        40.89678192138672
      ],
      [
        16.624778747558594,
        0.0,
        -24.477001190185547
      ],
      [
        39.078155517578125,
        14.277595520019531,
        0.0
      ],
      [
        -20.35001564025879,
        39.47804260253906,
        18.843833923339844
      ],
      [
        0.0,
        -20.789928436279297,
        41.743492126464844
      ]
    ]
  }
}