{
  "partsInfo": {
    "compressLevel": 3,
    "memoryLevel": 7,
    "strategy": 0,
    "windowBits": 5
  },
  "shape": {
    "filename": "Hair2_28.glb",
    "transform": [
      [
        8.908742904663086,
        54.777442932128906,
        20.552282333374023
      ],
      [
        0.0,
        11.320318222045898,
        51.63368606567383
      ],
      [
        21.4239501953125,
        0.0,
        14.360928535461426
      ],
      [
        53.774085998535156,
        19.072444915771484,
        0.0
      ],
      [
        13.618545532226562,
        48.419342041015625,
        21.74740219116211
      ],
      [
        0.0,
        16.986881256103516,
        50.32978820800781
      ]
    ]
  }
}