{
  "partsInfo": {
    "compressLevel": 3,
    "memoryLevel": 7,
    "strategy": 0,
    "windowBits": 5
  },
  "shape": {
    "filename": "Hair2_56.glb",
    "transform": [
      [
        10.82119083404541,
        53.803802490234375,
        20.082700729370117
      ],
      [
        0.0,
        5.999999523162842,
        50.0
      ],
      [
        23.864761352539062,
        0.0,
        -0.018344540148973465
      ],
      [
        56.54658508300781,
        7.114230155944824,
        0.0
      ],
      [
        5.980543613433838,
        54.86270523071289,
        21.512786865234375
      ],
      [
        0.0,
        1.751150131225586,
        55.53724670410156
      ]
    ]
  }
}