{
  "partsInfo": {
    "compressLevel": 3,
    "memoryLevel": 7,
    "strategy": 0,
    "windowBits": 5
  },
  "shape": {
    "filename": "Hair2_67.glb",
    "transform": [
      [
        20.116500854492188,
        17.653400421142578,
        -12.328899383544922
      ],
      [
        0.0,
        16.45276641845703,
        14.149041175842285
      ],
      [
        -15.192917823791504,
        0.0,
        19.593677520751953
      ],
      [
        19.43610382080078,
        -16.823379516601562,
        0.0
      ],
      [
        22.670507431030273,
        22.957000732421875,
        -13.410320281982422
      ],
      [
        0.0,
        23.7984561920166,
        22.362459182739258
      ]
    ]
  }
}