{
  "partsInfo": {
    "compressLevel": 3,
    "memoryLevel": 7,
    "strategy": 0,
    "windowBits": 5
  },
  "shape": {
    "filename": "Hair2_83.glb",
    "transform": [
      [
        -21.676847457885742,
        17.5,
        0.4577964246273041
      ],
      [
        0.0,
        -22.19021224975586,
        16.5
      ],
      [
        21.15321159362793,
        0.0,
        -22.474767684936523
      ],
      [
        14.660311698913574,
        19.29294204711914,
        0.0
      ],
      [
        -26.073400497436523,
        10.500000953674316,
        11.988361358642578
      ],
      [
        0.0,
        -27.528797149658203,
        12.338061332702637
      ]
    ]
  }
}