{
  "partsInfo": {
    "compressLevel": 3,
    "memoryLevel": 7,
    "strategy": 0,
    "windowBits": 5
  },
  "shape": {
    "filename": "Hair2_43.glb",
    "transform": [
      [
        -22.856765747070312,
        47.5,
        14.25
      ],
      [
        0.0,
        -25.279842376708984,
        42.36953353881836
      ],
      [
        9.27090072631836,
        0.0,
        -23.9626407623291
      ],
      [
        43.0,
        13.0,
        0.0
      ],
      [
        -24.811290740966797,
        43.9076042175293,
        9.422618865966797
      ],
      [
        0.0,
        -24.6444091796875,
        38.18648147583008
      ]
    ]
  }
}