{
  "partsInfo": {
    "compressLevel": 3,
    "memoryLevel": 7,
    "strategy": 0,
    "windowBits": 5
  },
  "shape": {
    "filename": "Hair2_35.glb",
    "transform": [
      [
        5.69295597076416,
        7.968919277191162,
        -24.978513717651367
      ],
      [
        0.0,
        7.16651725769043,
        15.97872543334961
      ],
      [
        -17.866703033447266,
        0.0,
        0.0
      ],
      [
        15.146193504333496,
        -18.77640151977539,
        0.0
      ],
      [
        11.199088096618652,
        8.888473510742188,
        -23.780731201171875
      ],
      [
        0.0,
        0.0,
        7.721112251281738
      ]
    ]
  }
}