{
  "partsInfo": {
    "compressLevel": 3,
    "memoryLevel": 7,
    "strategy": 0,
    "windowBits": 5
  },
  "shape": {
    "filename": "Hair2_74.glb",
    "transform": [
      [
        4.053985595703125,
        3.826291561126709,
        -25.808486938476562
      ],
      [
        0.0,
        0.0,
        -0.04835161566734314
      ],
      [
        -23.70241355895996,
        0.0,
        2.4733903408050537
      ],
      [
        4.00863790512085,
        -27.772567749023438,
        0.0
      ],
      [
        3.9507482051849365,
        7.853208541870117,
        -31.224151611328125
      ],
      [
        0.0,
        7.923487663269043,
        7.727103233337402
      ]
    ]
  }
}