{
  "partsInfo": {
    "compressLevel": 3,
    "memoryLevel": 7,
    "strategy": 0,
    "windowBits": 5
  },
  "shape": {
    "filename": "Hair2_46.glb",
    "transform": [
      [
        16.45276641845703,
        14.149041175842285,
        -15.192914962768555
      ],
      [
        0.0,
        18.445398330688477,
        18.17136001586914
      ],
      [
        -17.094343185424805,
        0.0,
        20.116500854492188
      ],
      [
        17.653400421142578,
        -12.328899383544922,
        0.0
      ],
      [
        13.024616241455078,
        11.930599212646484,
        -17.030977249145508
      ],
      [
        0.0,
        14.69473934173584,
        15.780832290649414
      ]
    ]
  }
}