{
  "partsInfo": {
    "compressLevel": 3,
    "memoryLevel": 7,
    "strategy": 0,
    "windowBits": 5
  },
  "shape": {
    "filename": "Hair2_58.glb",
    "transform": [
      [
        15.497756004333496,
        50.868343353271484,
        20.40555763244629
      ],
      [
        0.0,
        15.94255542755127,
        48.943031311035156
      ],
      [
        20.860065460205078,
        0.0,
        17.609277725219727
      ],
      [
        50.39946746826172,
        18.60138511657715,
        0.0
      ],
      [
        16.925262451171875,
        44.607154846191406,
        22.069692611694336
      ],
      [
        0.0,
        19.1588191986084,
        45.48176193237305
      ]
    ]
  }
}