{
  "partsInfo": {
    "compressLevel": 3,
    "memoryLevel": 7,
    "strategy": 0,
    "windowBits": 5
  },
  "shape": {
    "filename": "Hair2_3.glb",
    "transform": [
      [
        27.536266326904297,
        31.390789031982422,
        0.19922971725463867
      ],
      [
        0.0,
        24.463232040405273,
        32.84052276611328
      ],
      [
        11.037321090698242,
        0.0,
        19.050827026367188
      ],
      [
        37.194183349609375,
        -1.3079919815063477,
        0.0
      ],
      [
        11.972129821777344,
        44.098541259765625,
        -4.355780601501465
      ],
      [
        0.0,
        22.138336181640625,
        34.20086669921875
      ]
    ]
  }
}