{
  "partsInfo": {
    "compressLevel": 3,
    "memoryLevel": 7,
    "strategy": 0,
    "windowBits": 5
  },
  "shape": {
    "filename": "Hair2_101.glb",
    "transform": [
      [
        25.299163818359375,
        41.68285369873047,
        10.598814010620117
      ],
      [
        0.0,
        24.33236312866211,
        42.63143539428711
      ],
      [
        13.37502670288086,
        0.0,
        25.93149185180664
      ],
      [
        39.737945556640625,
        10.749862670898438,
        0.0
      ],
      [
        27.073986053466797,
        38.400115966796875,
        7.551803112030029
      ],
      [
        0.0,
        26.333160400390625,
        40.54014205932617
      ]
    ]
  }
}