{
  "partsInfo": {
    "compressLevel": 3,
    "memoryLevel": 7,
    "strategy": 0,
    "windowBits": 5
  },
  "shape": {
    "filename": "Hair2_129.glb",
    "transform": [
      [
        -15.555526733398438,
        -12.038541793823242,
        -20.05984878540039
      ],
      [
        0.0,
        -17.799232482910156,
        -10.619876861572266
      ],
      [
        -22.32207489013672,
        0.0,
        -11.787443161010742
      ],
      [
        -13.97781753540039,
        -22.1308536529541,
        0.0
      ],
      [
        -20.176273345947266,
        -8.128937721252441,
        -16.268014907836914
      ],
      [
        0.0,
        -13.94272232055664,
        -11.828351974487305
      ]
    ]
  }
}