{
  "partsInfo": {
    "compressLevel": 3,
    "memoryLevel": 7,
    "strategy": 0,
    "windowBits": 5
  },
  "shape": {
    "filename": "Hair2_110.glb",
    "transform": [
      [
        24.30807876586914,
        -9.396815299987793,
        -6.418137073516846
      ],
      [
        0.0,
        12.049484252929688,
        10.846962928771973
      ],
      [
        -1.76089346408844,
        0.0,
        24.517189025878906
      ],
      [
        -6.841635704040527,
        -9.31715202331543,
        0.0
      ],
      [
        24.098966598510742,
        -11.996074676513672,
        -3.127187490463257
      ],
      [
        0.0,
        24.726299285888672,
        -4.374614715576172
      ]
    ]
  }
}