{
  "partsInfo": {
    "compressLevel": 3,
    "memoryLevel": 7,
    "strategy": 0,
    "windowBits": 5
  },
  "shape": {
    "filename": "Hair2_26.glb",
    "transform": [
      [
        0.0,
        44.431610107421875,
        11.468589782714844
      ],
      [
        0.0,
        19.025146484375,
        54.4179573059082
      ],
      [
        12.595540046691895,
        0.0,
        19.291919708251953
      ],
      [
        51.362754821777344,
        15.709903717041016,
        0.0
      ],
      [
        15.029979705810547,
        43.20454025268555,
        23.00054931640625
      ],
      [
        0.0,
        11.437080383300781,
        43.535762786865234
      ]
    ]
  }
}