{
  "partsInfo": {
    "compressLevel": 3,
    "memoryLevel": 7,
    "strategy": 0,
    "windowBits": 5
  },
  "shape": {
    "filename": "Hair2_102.glb",
    "transform": [
      [
        17.978965759277344,
        46.77638244628906,
        18.377559661865234
      ],
      [
        0.0,
        16.974332809448242,
        50.000003814697266
      ],
      [
        18.7816162109375,
        0.0,
        19.045520782470703
      ],
      [
        43.563209533691406,
        18.054197311401367,
        0.0
      ],
      [
        6.064892292022705,
        56.10493087768555,
        13.521533012390137
      ],
      [
        0.0,
        20.190629959106445,
        40.197906494140625
      ]
    ]
  }
}