{
  "partsInfo": {
    "compressLevel": 3,
    "memoryLevel": 7,
    "strategy": 0,
    "windowBits": 5
  },
  "shape": {
    "filename": "Hair2_75.glb",
    "transform": [
      [
        -22.458364486694336,
        33.26198196411133,
        15.102851867675781
      ],
      [
        0.0,
        -21.812206268310547,
        32.27461242675781
      ],
      [
        17.218130111694336,
        0.0,
        -23.104740142822266
      ],
      [
        36.80758285522461,
        14.469085693359375,
        0.0
      ],
      [
        -20.562118530273438,
        26.430381774902344,
        16.918485641479492
      ],
      [
        0.0,
        -20.645971298217773,
        31.369773864746094
      ]
    ]
  }
}