{
  "partsInfo": {
    "compressLevel": 3,
    "memoryLevel": 7,
    "strategy": 0,
    "windowBits": 5
  },
  "shape": {
    "filename": "Hair1_112.glb",
    "transform": [
      [
        0.0,
        69.0,
        11.0
      ],
      [
        0.2617993950843811,
        0.0,
        0.0
      ],
      [
        -21.063899993896484,
        59.58100128173828,
        0.18999600410461426
      ],
      [
        0.0,
        0.0,
        0.7853981852531433
      ],
      [
        0.0,
        69.48999786376953,
        -9.890000343322754
      ],
      [
        -0.2860070765018463,
        0.0,
        0.0
      ]
    ]
  }
}