{
  "partsInfo": {
    "compressLevel": 3,
    "memoryLevel": 7,
    "strategy": 0,
    "windowBits": 5
  },
  "shape": {
    "filename": "Hair2_53.glb",
    "transform": [
      [
        -20.809017181396484,
        17.428199768066406,
        -3.8523175716400146
      ],
      [
        0.0,
        -26.763729095458984,
        6.337425708770752
      ],
      [
        -1.7549060583114624,
        0.0,
        -24.57252311706543
      ],
      [
        4.204771041870117,
        -9.248047828674316,
        0.0
      ],
      [
        -19.564443588256836,
        8.26850414276123,
        -24.39212417602539
      ],
      [
        0.0,
        -11.738661766052246,
        24.239776611328125
      ]
    ]
  }
}