{
  "partsInfo": {
    "compressLevel": 3,
    "memoryLevel": 7,
    "strategy": 0,
    "windowBits": 5
  },
  "shape": {
    "filename": "Hair2_14.glb",
    "transform": [
      [
        -22.07440185546875,
        46.78169250488281,
        12.58334732055664
      ],
      [
        0.0,
        -23.481178283691406,
        44.56470489501953
      ],
      [
        10.490850448608398,
        0.0,
        -22.022132873535156
      ],
      [
        45.86166000366211,
        14.578447341918945,
        0.0
      ],
      [
        -18.951997756958008,
        50.30339050292969,
        15.592292785644531
      ],
      [
        0.0,
        -24.95936393737793,
        42.725791931152344
      ]
    ]
  }
}