{
  "partsInfo": {
    "compressLevel": 3,
    "memoryLevel": 7,
    "strategy": 0,
    "windowBits": 5
  },
  "shape": {
    "filename": "Hair2_41.glb",
    "transform": [
      [
        -3.491391544230282e-05,
        33.02322006225586,
        -33.36666488647461
      ],
      [
        0.0,
        -5.741057872772217,
        28.684045791625977
      ],
      [
        -32.73774719238281,
        0.0,
        -5.547793388366699
      ],
      [
        33.01539611816406,
        -32.85202407836914,
        0.0
      ],
      [
        -0.000139419746119529,
        28.725976943969727,
        -33.27597427368164
      ],
      [
        0.0,
        -5.386205196380615,
        36.28804016113281
      ]
    ]
  }
}