{
  "partsInfo": {
    "compressLevel": 3,
    "memoryLevel": 7,
    "strategy": 0,
    "windowBits": 5
  },
  "shape": {
    "filename": "Hair2_126.glb",
    "transform": [
      [
        11.16560173034668,
        19.649076461791992,
        -26.50019645690918
      ],
      [
        0.0,
        15.483473777770996,
        17.216217041015625
      ],
      [
        -20.44622802734375,
        0.0,
        10.796625137329102
      ],
      [
        15.556724548339844,
        -22.503957748413086,
        0.0
      ],
      [
        16.12352752685547,
        21.112329483032227,
        -24.21246337890625
      ],
      [
        0.0,
        5.540605545043945,
        14.636222839355469
      ]
    ]
  }
}