{
  "partsInfo": {
    "compressLevel": 3,
    "memoryLevel": 7,
    "strategy": 0,
    "windowBits": 5
  },
  "shape": {
    "filename": "Hair1_76.glb",
    "transform": [
      [
        0.0,
        70.97689819335938,
        20.0
      ],
      [
        0.5585053563117981,
        0.0,
        0.0
      ],
      [
        -23.063899993896484,
        61.58100128173828,
        0.18999600410461426
      ],
      [
        0.0,
        0.0,
        0.7853981852531433
      ],
      [
        0.0,
        69.92530059814453,
        -19.514799118041992
      ],
      [
        -0.4363323152065277,
        0.0,
        0.0
      ]
    ]
  }
}