{
  "partsInfo": {
    "compressLevel": 3,
    "memoryLevel": 7,
    "strategy": 0,
    "windowBits": 5
  },
  "shape": {
    "filename": "Hair2_76.glb",
    "transform": [
      [
        -24.994630813598633,
        32.00178146362305,
        10.81425666809082
      ],
      [
        0.0,
        -24.785419464111328,
        23.999998092651367
      ],
      [
        11.999998092651367,
        0.0,
        -23.031232833862305
      ],
      [
        24.707746505737305,
        11.150701522827148,
        0.0
      ],
      [
        -23.518024444580078,
        32.12322998046875,
        10.213644027709961
      ],
      [
        0.0,
        -23.10785675048828,
        35.868255615234375
      ]
    ]
  }
}