{
  "partsInfo": {
    "compressLevel": 3,
    "memoryLevel": 7,
    "strategy": 0,
    "windowBits": 5
  },
  "shape": {
    "filename": "Hair2_48.glb",
    "transform": [
      [
        26.299999237060547,
        33.436073303222656,
        0.0
      ],
      [
        0.0,
        23.999998092651367,
        33.436073303222656
      ],
      [
        9.028972625732422,
        0.0,
        12.0
      ],
      [
        52.07809066772461,
        5.999999046325684,
        0.0
      ],
      [
        23.600282669067383,
        34.37525177001953,
        -0.2847778797149658
      ],
      [
        0.0,
        23.029315948486328,
        33.934383392333984
      ]
    ]
  }
}