{
  "partsInfo": {
    "compressLevel": 3,
    "memoryLevel": 7,
    "strategy": 0,
    "windowBits": 5
  },
  "shape": {
    "filename": "Hair2_121.glb",
    "transform": [
      [
        10.666666030883789,
        10.656972885131836,
        -18.07054328918457
      ],
      [
        0.0,
        5.409407138824463,
        7.455298900604248
      ],
      [
        -23.964540481567383,
        0.0,
        9.836528778076172
      ],
      [
        12.267446517944336,
        -23.376850128173828,
        0.0
      ],
      [
        0.0,
        2.6431500911712646,
        -24.552230834960938
      ],
      [
        0.0,
        11.069076538085938,
        9.143149375915527
      ]
    ]
  }
}