{
  "partsInfo": {
    "compressLevel": 3,
    "memoryLevel": 7,
    "strategy": 0,
    "windowBits": 5
  },
  "shape": {
    "filename": "Hair2_103.glb",
    "transform": [
      [
        5.015110015869141,
        53.86724090576172,
        22.817766189575195
      ],
      [
        0.0,
        4.908759593963623,
        55.10936737060547
      ],
      [
        21.86586570739746,
        0.0,
        2.2494735717773438
      ],
      [
        54.46342849731445,
        22.922565460205078,
        0.0
      ],
      [
        2.315272092819214,
        52.57955551147461,
        24.272891998291016
      ],
      [
        0.0,
        7.605639457702637,
        54.85137176513672
      ]
    ]
  }
}