{
  "partsInfo": {
    "compressLevel": 3,
    "memoryLevel": 7,
    "strategy": 0,
    "windowBits": 5
  },
  "shape": {
    "filename": "Hair2_39.glb",
    "transform": [
      [
        25.221778869628906,
        27.899267196655273,
        -4.325444221496582
      ],
      [
        0.0,
        23.7984561920166,
        22.362459182739258
      ],
      [
        -8.650893211364746,
        0.0,
        25.290756225585938
      ],
      [
        29.08717918395996,
        -7.675919532775879,
        0.0
      ],
      [
        26.129436492919922,
        34.1383056640625,
        -2.7829062938690186
      ],
      [
        0.0,
        26.299999237060547,
        33.436073303222656
      ]
    ]
  }
}