{
  "partsInfo": {
    "compressLevel": 3,
    "memoryLevel": 7,
    "strategy": 0,
    "windowBits": 5
  },
  "shape": {
    "filename": "Hair2_92.glb",
    "transform": [
      [
        -1.3430706076178467e-06,
        40.257667541503906,
        -3.7032175064086914
      ],
      [
        0.0,
        5.4819159507751465,
        40.22626495361328
      ],
      [
        27.607872009277344,
        0.0,
        0.04244405776262283
      ],
      [
        40.319175720214844,
        28.19015884399414,
        0.0
      ],
      [
        -5.39702844619751,
        40.22626495361328,
        27.607872009277344
      ],
      [
        0.0,
        -10.52000617980957,
        39.96650314331055
      ]
    ]
  }
}