{
  "partsInfo": {
    "compressLevel": 3,
    "memoryLevel": 7,
    "strategy": 0,
    "windowBits": 5
  },
  "shape": {
    "filename": "Hair2_63.glb",
    "transform": [
      [
        25.27369499206543,
        21.005517959594727,
        11.403697967529297
      ],
      [
        0.0,
        24.414644241333008,
        20.149951934814453
      ],
      [
        12.947611808776855,
        0.0,
        16.42831039428711
      ],
      [
        26.789453506469727,
        16.279218673706055,
        0.0
      ],
      [
        26.13274574279785,
        21.861085891723633,
        9.859783172607422
      ],
      [
        0.0,
        21.40796661376953,
        17.155467987060547
      ]
    ]
  }
}