{
  "partsInfo": {
    "compressLevel": 3,
    "memoryLevel": 7,
    "strategy": 0,
    "windowBits": 5
  },
  "shape": {
    "filename": "Hair2_66.glb",
    "transform": [
      [
        21.016498565673828,
        39.86909866333008,
        17.84052848815918
      ],
      [
        0.0,
        21.82112693786621,
        37.346500396728516
      ],
      [
        16.648767471313477,
        0.0,
        22.507686614990234
      ],
      [
        41.04143142700195,
        16.856189727783203,
        0.0
      ],
      [
        21.379215240478516,
        41.320945739746094,
        17.912151336669922
      ],
      [
        0.0,
        20.521221160888672,
        41.624351501464844
      ]
    ]
  }
}