{
  "partsInfo": {
    "compressLevel": 3,
    "memoryLevel": 7,
    "strategy": 0,
    "windowBits": 5
  },
  "shape": {
    "filename": "Hair1_1.glb",
    "transform": [
      [
        0.0,
        66.64320373535156,
        12.73449993133545
      ],
      [
        0.2692868411540985,
        0.0,
        0.0
      ],
      [
        -21.063899993896484,
        59.58100128173828,
        0.18999600410461426
      ],
      [
        0.0,
        0.0,
        0.7853981852531433
      ],
      [
        0.0,
        66.92530059814453,
        -13.4576997756958
      ],
      [
        -0.41378265619277954,
        0.0,
        0.0
      ]
    ]
  }
}