{
  "partsInfo": {
    "compressLevel": 3,
    "memoryLevel": 7,
    "strategy": 0,
    "windowBits": 5
  },
  "shape": {
    "filename": "Hair1_42.glb",
    "transform": [
      [
        0.0,
        71.80000305175781,
        13.550000190734863
      ],
      [
        0.15707963705062866,
        0.0,
        0.0
      ],
      [
        -22.563899993896484,
        61.08100128173828,
        0.18999600410461426
      ],
      [
        0.0,
        0.0,
        0.7853981852531433
      ],
      [
        0.0,
        67.92530059814453,
        -16.014799118041992
      ],
      [
        -0.4363323152065277,
        0.0,
        0.0
      ]
    ]
  }
}