{
  "partsInfo": {
    "compressLevel": 3,
    "memoryLevel": 7,
    "strategy": 0,
    "windowBits": 5
  },
  "shape": {
    "filename": "Hair2_130.glb",
    "transform": [
      [
        20.308700561523438,
        34.43983459472656,
        3.8208189010620117
      ],
      [
        0.0,
        26.446575164794922,
        45.237213134765625
      ],
      [
        -4.444413661956787,
        0.0,
        27.112483978271484
      ],
      [
        41.07081985473633,
        -3.9104201793670654,
        0.0
      ],
      [
        27.808246612548828,
        36.418907165527344,
        -3.6794281005859375
      ],
      [
        0.0,
        23.813156127929688,
        29.93108367919922
      ]
    ]
  }
}