{
  "partsInfo": {
    "compressLevel": 3,
    "memoryLevel": 7,
    "strategy": 0,
    "windowBits": 5
  },
  "shape": {
    "filename": "Hair2_79.glb",
    "transform": [
      [
        -15.905851364135742,
        50.35179138183594,
        19.48419189453125
      ],
      [
        0.0,
        -17.501317977905273,
        53.462005615234375
      ],
      [
        16.49379539489746,
        0.0,
        -18.018598556518555
      ],
      [
        48.905330657958984,
        17.816600799560547,
        0.0
      ],
      [
        -15.409297943115234,
        55.31840515136719,
        18.07996940612793
      ],
      [
        0.0,
        -18.4288387298584,
        44.64897537231445
      ]
    ]
  }
}