{
  "partsInfo": {
    "compressLevel": 3,
    "memoryLevel": 7,
    "strategy": 0,
    "windowBits": 5
  },
  "shape": {
    "filename": "Hair1_73.glb",
    "transform": [
      [
        0.0,
        69.3958969116211,
        13.494199752807617
      ],
      [
        0.3490658402442932,
        0.0,
        0.0
      ],
      [
        -23.063899993896484,
        61.58100128173828,
        0.18999600410461426
      ],
      [
        0.0,
        0.0,
        0.7853981852531433
      ],
      [
        0.0,
        68.92530059814453,
        -16.514799118041992
      ],
      [
        -0.4363323152065277,
        0.0,
        0.0
      ]
    ]
  }
}