{
  "partsInfo": {
    "compressLevel": 3,
    "memoryLevel": 7,
    "strategy": 0,
    "windowBits": 5
  },
  "shape": {
    "filename": "Hair2_71.glb",
    "transform": [
      [
        0.008663847111165524,
        60.485809326171875,
        6.499805927276611
      ],
      [
        0.0,
        -27.537248611450195,
        20.563676834106445
      ],
      [
        3.813004493713379,
        0.0,
        -14.465579986572266
      ],
      [
        22.182334899902344,
        -9.168213844299316,
        0.0
      ],
      [
        -21.409666061401367,
        35.002601623535156,
        17.31283187866211
      ],
      [
        0.0,
        -23.957809448242188,
        33.00143051147461
      ]
    ]
  }
}