{
  "partsInfo": {
    "compressLevel": 3,
    "memoryLevel": 7,
    "strategy": 0,
    "windowBits": 5
  },
  "shape": {
    "filename": "Hair2_17.glb",
    "transform": [
      [
        0.0,
        33.34608840942383,
        3.3695483207702637
      ],
      [
        0.0,
        -24.65921401977539,
        14.085933685302734
      ],
      [
        -10.510191917419434,
        0.0,
        -22.3564510345459
      ],
      [
        8.921332359313965,
        -9.776007652282715,
        0.0
      ],
      [
        -19.20417022705078,
        2.9803457260131836,
        -9.626679420471191
      ],
      [
        0.0,
        -8.043915748596191,
        1.0187556743621826
      ]
    ]
  }
}