{
  "partsInfo": {
    "compressLevel": 3,
    "memoryLevel": 7,
    "strategy": 0,
    "windowBits": 5
  },
  "shape": {
    "filename": "Hair2_128.glb",
    "transform": [
      [
        -18.525938034057617,
        47.88739776611328,
        17.7598876953125
      ],
      [
        0.0,
        -20.73420524597168,
        41.60320281982422
      ],
      [
        17.19867706298828,
        0.0,
        -5.916530609130859
      ],
      [
        51.98471450805664,
        1.7413872480392456,
        0.0
      ],
      [
        -21.25770378112793,
        37.00251770019531,
        17.33348846435547
      ],
      [
        0.0,
        -10.49174690246582,
        33.128273010253906
      ]
    ]
  }
}