{
  "partsInfo": {
    "compressLevel": 3,
    "memoryLevel": 7,
    "strategy": 0,
    "windowBits": 5
  },
  "shape": {
    "filename": "Hair2_0.glb",
    "transform": [
      [
        12.121973991394043,
        29.671772003173828,
        -3.4779393672943115
      ],
      [
        0.0,
        27.30950355529785,
        30.109676361083984
      ],
      [
        7.58582067489624,
        0.0,
        27.395992279052734
      ],
      [
        35.629249572753906,
        7.351020812988281,
        0.0
      ],
      [
        27.33201026916504,
        24.861408233642578,
        7.680596351623535
      ],
      [
        0.0,
        13.863117218017578,
        15.787419319152832
      ]
    ]
  }
}