{
  "partsInfo": {
    "compressLevel": 3,
    "memoryLevel": 7,
    "strategy": 0,
    "windowBits": 5
  },
  "shape": {
    "filename": "Hair2_70.glb",
    "transform": [
      [
        10.113231658935547,
        3.6949493885040283,
        -17.65114402770996
      ],
      [
        0.0,
        0.0,
        26.933307647705078
      ],
      [
        0.5833426713943481,
        0.0,
        5.160560131072998
      ],
      [
        1.935577630996704,
        -18.49750328063965,
        0.0
      ],
      [
        14.646228790283203,
        6.967074871063232,
        -16.12110710144043
      ],
      [
        0.0,
        0.0,
        1.4342933893203735
      ]
    ]
  }
}