{
  "partsInfo": {
    "compressLevel": 3,
    "memoryLevel": 7,
    "strategy": 0,
    "windowBits": 5
  },
  "shape": {
    "filename": "Hair2_124.glb",
    "transform": [
      [
        -4.116853713989258,
        39.9825439453125,
        27.239002227783203
      ],
      [
        0.0,
        -4.138612270355225,
        43.91149139404297
      ],
      [
        26.88611602783203,
        0.0,
        -8.097282409667969
      ],
      [
        40.06025695800781,
        26.52379035949707,
        0.0
      ],
      [
        0.0,
        39.869544982910156,
        27.73917007446289
      ],
      [
        0.0,
        -4.066748142242432,
        47.72827911376953
      ]
    ]
  }
}