{
  "partsInfo": {
    "compressLevel": 3,
    "memoryLevel": 7,
    "strategy": 0,
    "windowBits": 5
  },
  "shape": {
    "filename": "Hair2_111.glb",
    "transform": [
      [
        -26.19371223449707,
        39.789772033691406,
        -12.370500564575195
      ],
      [
        0.0,
        -27.96515655517578,
        36.87717819213867
      ],
      [
        -5.632107734680176,
        0.0,
        -27.471582412719727
      ],
      [
        41.91194534301758,
        -5.556130409240723,
        0.0
      ],
      [
        -26.561134338378906,
        37.298912048339844,
        -12.226424217224121
      ],
      [
        0.0,
        -24.643020629882812,
        37.62631607055664
      ]
    ]
  }
}