{
  "partsInfo": {
    "compressLevel": 3,
    "memoryLevel": 7,
    "strategy": 0,
    "windowBits": 5
  },
  "shape": {
    "filename": "Hair1_67.glb",
    "transform": [
      [
        -0.001220720005221665,
        70.63970184326172,
        10.406100273132324
      ],
      [
        0.22770088911056519,
        0.0,
        0.0
      ],
      [
        -20.065099716186523,
        58.08100128173828,
        0.18999600410461426
      ],
      [
        0.0,
        0.0,
        0.7853981852531433
      ],
      [
        -0.001221020007506013,
        64.92530059814453,
        -15.014800071716309
      ],
      [
        -0.4363323152065277,
        0.0,
        0.0
      ]
    ]
  }
}