{
  "partsInfo": {
    "compressLevel": 3,
    "memoryLevel": 7,
    "strategy": 0,
    "windowBits": 5
  },
  "shape": {
    "filename": "Hair1_3.glb",
    "transform": [
      [
        0.0,
        68.0,
        8.34000015258789
      ],
      [
        0.04326671361923218,
        0.0,
        0.0
      ],
      [
        -21.059999465942383,
        59.58000183105469,
        0.1899999976158142
      ],
      [
        0.0,
        0.0,
        0.7853981852531433
      ],
      [
        0.0,
        66.93000030517578,
        -15.010000228881836
      ],
      [
        -0.4363323152065277,
        0.0,
        0.0
      ]
    ]
  }
}