{
  "partsInfo": {
    "compressLevel": 3,
    "memoryLevel": 7,
    "strategy": 0,
    "windowBits": 5
  },
  "shape": {
    "filename": "Hair2_1.glb",
    "transform": [
      [
        -24.47469711303711,
        43.87457275390625,
        10.163509368896484
      ],
      [
        0.0,
        -25.402645111083984,
        40.31342315673828
      ],
      [
        11.659226417541504,
        0.0,
        -23.706472396850586
      ],
      [
        41.10770797729492,
        15.633273124694824,
        0.0
      ],
      [
        -23.44966697692871,
        45.17582321166992,
        13.046852111816406
      ],
      [
        0.0,
        -25.65749168395996,
        40.69215774536133
      ]
    ]
  }
}