{
  "partsInfo": {
    "compressLevel": 3,
    "memoryLevel": 7,
    "strategy": 0,
    "windowBits": 5
  },
  "shape": {
    "filename": "Hair2_36.glb",
    "transform": [
      [
        25.26637077331543,
        41.29901885986328,
        -8.767924308776855
      ],
      [
        0.0,
        23.211627960205078,
        44.59418487548828
      ],
      [
        -13.802739143371582,
        0.0,
        24.048784255981445
      ],
      [
        45.97079849243164,
        -9.745018005371094,
        0.0
      ],
      [
        24.504432678222656,
        39.97086715698242,
        -12.736344337463379
      ],
      [
        0.0,
        25.20003318786621,
        35.842472076416016
      ]
    ]
  }
}