{
  "partsInfo": {
    "compressLevel": 3,
    "memoryLevel": 7,
    "strategy": 0,
    "windowBits": 5
  },
  "shape": {
    "filename": "Hair2_5.glb",
    "transform": [
      [
        -17.83860206604004,
        33.838966369628906,
        6.078166484832764
      ],
      [
        0.0,
        -24.38299560546875,
        29.806039810180664
      ],
      [
        12.622113227844238,
        0.0,
        -20.955570220947266
      ],
      [
        30.490930557250977,
        7.898240089416504,
        0.0
      ],
      [
        -22.939144134521484,
        28.360307693481445,
        9.056497573852539
      ],
      [
        0.0,
        -24.535743713378906,
        26.645343780517578
      ]
    ]
  }
}