{
  "partsInfo": {
    "compressLevel": 3,
    "memoryLevel": 7,
    "strategy": 0,
    "windowBits": 5
  },
  "shape": {
    "filename": "Hair2_44.glb",
    "transform": [
      [
        17.408851623535156,
        53.09959030151367,
        16.423479080200195
      ],
      [
        0.0,
        19.749006271362305,
        49.0968132019043
      ],
      [
        16.42757225036621,
        0.0,
        19.819557189941406
      ],
      [
        49.49645233154297,
        15.799259185791016,
        0.0
      ],
      [
        22.620460510253906,
        46.07010269165039,
        14.466121673583984
      ],
      [
        0.0,
        23.639572143554688,
        47.197296142578125
      ]
    ]
  }
}