{
  "partsInfo": {
    "compressLevel": 3,
    "memoryLevel": 7,
    "strategy": 0,
    "windowBits": 5
  },
  "shape": {
    "filename": "Hair2_11.glb",
    "transform": [
      [
        -4.178095817565918,
        57.81995391845703,
        21.17334747314453
      ],
      [
        0.0,
        -8.120588302612305,
        57.37483215332031
      ],
      [
        20.602924346923828,
        0.0,
        -4.80047607421875
      ],
      [
        54.620506286621094,
        23.2913875579834,
        0.0
      ],
      [
        0.0,
        54.819549560546875,
        23.571128845214844
      ],
      [
        0.0,
        0.0,
        57.98082733154297
      ]
    ]
  }
}