{
  "partsInfo": {
    "compressLevel": 3,
    "memoryLevel": 7,
    "strategy": 0,
    "windowBits": 5
  },
  "shape": {
    "filename": "Hair2_65.glb",
    "transform": [
      [
        0.0,
        33.00691604614258,
        3.0704174041748047
      ],
      [
        0.0,
        -23.19882583618164,
        52.06496810913086
      ],
      [
        5.451064586639404,
        0.0,
        -24.755393981933594
      ],
      [
        47.02731704711914,
        6.546887397766113,
        0.0
      ],
      [
        -28.000001907348633,
        30.0,
        -2.0
      ],
      [
        0.0,
        -26.018781661987305,
        25.941864013671875
      ]
    ]
  }
}