{
  "partsInfo": {
    "compressLevel": 3,
    "memoryLevel": 7,
    "strategy": 0,
    "windowBits": 5
  },
  "shape": {
    "filename": "Hair2_59.glb",
    "transform": [
      [
        -27.43610191345215,
        38.128543853759766,
        -0.11680398136377335
      ],
      [
        0.0,
        -26.394153594970703,
        45.994384765625
      ],
      [
        -0.03429650887846947,
        0.0,
        -26.982704162597656
      ],
      [
        42.94682312011719,
        -2.7394180297851562,
        0.0
      ],
      [
        -27.186283111572266,
        37.25660705566406,
        -4.348386764526367
      ],
      [
        0.0,
        -26.777217864990234,
        30.261009216308594
      ]
    ]
  }
}