{
  "partsInfo": {
    "compressLevel": 3,
    "memoryLevel": 7,
    "strategy": 0,
    "windowBits": 5
  },
  "shape": {
    "filename": "Hair2_131.glb",
    "transform": [
      [
        -21.261798858642578,
        13.025642395019531,
        24.203222274780273
      ],
      [
        0.0,
        -21.268409729003906,
        11.000001907348633
      ],
      [
        24.1556453704834,
        0.0,
        -20.519596099853516
      ],
      [
        12.243213653564453,
        10.637962341308594,
        0.0
      ],
      [
        -20.026641845703125,
        21.062402725219727,
        23.180068969726562
      ],
      [
        0.0,
        -20.91054916381836,
        8.916837692260742
      ]
    ]
  }
}