{
  "partsInfo": {
    "compressLevel": 3,
    "memoryLevel": 7,
    "strategy": 0,
    "windowBits": 5
  },
  "shape": {
    "filename": "Hair2_120.glb",
    "transform": [
      [
        0.0,
        62.0,
        10.02922534942627
      ],
      [
        0.0,
        15.478240966796875,
        41.93681335449219
      ],
      [
        23.10255241394043,
        0.0,
        10.318827629089355
      ],
      [
        36.0,
        25.30490493774414,
        0.0
      ],
      [
        5.159413814544678,
        41.936805725097656,
        26.352556228637695
      ],
      [
        0.0,
        0.0,
        36.0
      ]
    ]
  }
}