{
  "partsInfo": {
    "compressLevel": 3,
    "memoryLevel": 7,
    "strategy": 0,
    "windowBits": 5
  },
  "shape": {
    "filename": "Hair2_49.glb",
    "transform": [
      [
        24.784008026123047,
        41.72386932373047,
        11.171167373657227
      ],
      [
        0.0,
        24.869396209716797,
        36.0
      ],
      [
        10.644760131835938,
        0.0,
        25.26443862915039
      ],
      [
        41.92640686035156,
        8.04066276550293,
        0.0
      ],
      [
        25.312271118164062,
        36.482337951660156,
        7.82349157333374
      ],
      [
        0.0,
        25.70760726928711,
        42.12739944458008
      ]
    ]
  }
}