{
  "partsInfo": {
    "compressLevel": 3,
    "memoryLevel": 7,
    "strategy": 0,
    "windowBits": 5
  },
  "shape": {
    "filename": "Hair1_75.glb",
    "transform": [
      [
        0.0,
        69.1958999633789,
        17.19420051574707
      ],
      [
        0.4363323152065277,
        0.0,
        0.0
      ],
      [
        -22.563899993896484,
        61.08100128173828,
        0.18999600410461426
      ],
      [
        0.0,
        0.0,
        0.7853981852531433
      ],
      [
        0.0,
        68.42530059814453,
        -16.514799118041992
      ],
      [
        -0.4363323152065277,
        0.0,
        0.0
      ]
    ]
  }
}