{
  "partsInfo": {
    "compressLevel": 3,
    "memoryLevel": 7,
    "strategy": 0,
    "windowBits": 5
  },
  "shape": {
    "filename": "Hair1_103.glb",
    "transform": [
      [
        0.0,
        68.02110290527344,
        13.494199752807617
      ],
      [
        0.3490658402442932,
        0.0,
        0.0
      ],
      [
        -21.063899993896484,
        59.58100128173828,
        0.18999600410461426
      ],
      [
        0.0,
        0.0,
        0.7853981852531433
      ],
      [
        0.0,
        67.87870025634766,
        -12.369099617004395
      ],
      [
        -0.3715457022190094,
        0.0,
        0.0
      ]
    ]
  }
}