{
  "partsInfo": {
    "compressLevel": 3,
    "memoryLevel": 7,
    "strategy": 0,
    "windowBits": 5
  },
  "shape": {
    "filename": "Hair1_83.glb",
    "transform": [
      [
        0.0,
        71.96320343017578,
        13.815799713134766
      ],
      [
        0.3490658402442932,
        0.0,
        0.0
      ],
      [
        -24.063899993896484,
        62.58100128173828,
        0.18999600410461426
      ],
      [
        0.0,
        0.0,
        0.7853981852531433
      ],
      [
        0.0,
        68.92530059814453,
        -18.014799118041992
      ],
      [
        -0.4363323152065277,
        0.0,
        0.0
      ]
    ]
  }
}