{
  "partsInfo": {
    "compressLevel": 3,
    "memoryLevel": 7,
    "strategy": 0,
    "windowBits": 5
  },
  "shape": {
    "filename": "Hair2_68.glb",
    "transform": [
      [
        -26.43549346923828,
        29.29975128173828,
        3.0465493202209473
      ],
      [
        0.0,
        -27.260534286499023,
        30.949626922607422
      ],
      [
        -0.4301756024360657,
        0.0,
        -20.445402145385742
      ],
      [
        31.712217330932617,
        -0.3226322531700134,
        0.0
      ],
      [
        -24.785411834716797,
        26.000001907348633,
        10.0
      ],
      [
        0.0,
        -24.0,
        21.90656852722168
      ]
    ]
  }
}