{
  "partsInfo": {
    "compressLevel": 3,
    "memoryLevel": 7,
    "strategy": 0,
    "windowBits": 5
  },
  "shape": {
    "filename": "Hair2_18.glb",
    "transform": [
      [
        -27.662277221679688,
        43.897247314453125,
        -2.7292094230651855
      ],
      [
        0.0,
        -27.6035213470459,
        41.46505355834961
      ],
      [
        -6.377915382385254,
        0.0,
        -27.176490783691406
      ],
      [
        41.886390686035156,
        -1.2683875560760498,
        0.0
      ],
      [
        -27.119569778442383,
        46.04113006591797,
        -4.511989116668701
      ],
      [
        0.0,
        -26.17428207397461,
        48.39051818847656
      ]
    ]
  }
}