{
  "partsInfo": {
    "compressLevel": 3,
    "memoryLevel": 7,
    "strategy": 0,
    "windowBits": 5
  },
  "shape": {
    "filename": "Hair2_12.glb",
    "transform": [
      [
        -10.569764137268066,
        19.284996032714844,
        -31.960330963134766
      ],
      [
        0.0,
        -5.411964416503906,
        24.044504165649414
      ],
      [
        -33.65227508544922,
        0.0,
        -5.408979415893555
      ],
      [
        19.35148048400879,
        -33.35957717895508,
        0.0
      ],
      [
        -10.562726974487305,
        23.95105743408203,
        -32.30050277709961
      ],
      [
        0.0,
        -15.187407493591309,
        23.694067001342773
      ]
    ]
  }
}