{
  "partsInfo": {
    "compressLevel": 3,
    "memoryLevel": 7,
    "strategy": 0,
    "windowBits": 5
  },
  "shape": {
    "filename": "Hair2_64.glb",
    "transform": [
      [
        -0.33309394121170044,
        57.0539665222168,
        8.359456062316895
      ],
      [
        0.0,
        -1.1679428815841675,
        45.09632873535156
      ],
      [
        26.002731323242188,
        0.0,
        -4.389333248138428
      ],
      [
        43.80344009399414,
        26.325777053833008,
        0.0
      ],
      [
        21.16754150390625,
        47.133060455322266,
        16.0
      ],
      [
        0.0,
        19.921316146850586,
        43.508277893066406
      ]
    ]
  }
}