{
  "partsInfo": {
    "compressLevel": 3,
    "memoryLevel": 7,
    "strategy": 0,
    "windowBits": 5
  },
  "shape": {
    "filename": "Hair2_116.glb",
    "transform": [
      [
        -19.749727249145508,
        49.07122039794922,
        14.630887985229492
      ],
      [
        0.0,
        -22.14755630493164,
        44.76239013671875
      ],
      [
        14.53886604309082,
        0.0,
        -18.12105369567871
      ],
      [
        48.38283920288086,
        18.19593048095703,
        0.0
      ],
      [
        -15.850592613220215,
        51.637176513671875,
        18.07882308959961
      ],
      [
        0.0,
        -24.620534896850586,
        42.11977005004883
      ]
    ]
  }
}