{
  "partsInfo": {
    "compressLevel": 3,
    "memoryLevel": 7,
    "strategy": 0,
    "windowBits": 5
  },
  "shape": {
    "filename": "Hair2_112.glb",
    "transform": [
      [
        0.0,
        36.859886169433594,
        -1.756381869316101
      ],
      [
        0.0,
        0.0,
        39.82112121582031
      ],
      [
        27.1142578125,
        0.0,
        -4.62244987487793
      ],
      [
        39.762577056884766,
        26.785720825195312,
        0.0
      ],
      [
        -20.922021865844727,
        38.871883392333984,
        18.181930541992188
      ],
      [
        0.0,
        -23.942472457885742,
        38.48662185668945
      ]
    ]
  }
}