{
  "partsInfo": {
    "compressLevel": 3,
    "memoryLevel": 7,
    "strategy": 0,
    "windowBits": 5
  },
  "shape": {
    "filename": "Hair2_114.glb",
    "transform": [
      [
        23.573043823242188,
        46.28890609741211,
        12.910533905029297
      ],
      [
        0.0,
        24.271438598632812,
        42.09790802001953
      ],
      [
        11.472702026367188,
        0.0,
        24.663864135742188
      ],
      [
        43.82402038574219,
        10.524029731750488,
        0.0
      ],
      [
        24.62630844116211,
        37.8310432434082,
        10.065879821777344
      ],
      [
        0.0,
        25.374473571777344,
        40.799461364746094
      ]
    ]
  }
}