{
  "partsInfo": {
    "compressLevel": 3,
    "memoryLevel": 7,
    "strategy": 0,
    "windowBits": 5
  },
  "shape": {
    "filename": "Hair2_37.glb",
    "transform": [
      [
        0.0,
        38.440914154052734,
        4.172231674194336
      ],
      [
        0.0,
        8.096086502075195,
        38.900672912597656
      ],
      [
        24.923664093017578,
        0.0,
        5.631463527679443
      ],
      [
        42.979248046875,
        26.519535064697266,
        0.0
      ],
      [
        21.523210525512695,
        32.30952835083008,
        14.95557689666748
      ],
      [
        0.0,
        20.066545486450195,
        35.065059661865234
      ]
    ]
  }
}