{
  "partsInfo": {
    "compressLevel": 3,
    "memoryLevel": 7,
    "strategy": 0,
    "windowBits": 5
  },
  "shape": {
    "filename": "Hair2_4.glb",
    "transform": [
      [
        -23.178321838378906,
        42.930789947509766,
        14.926892280578613
      ],
      [
        0.0,
        -24.79383087158203,
        43.09495544433594
      ],
      [
        8.72212028503418,
        0.0,
        -21.3990478515625
      ],
      [
        42.82502746582031,
        13.661556243896484,
        0.0
      ],
      [
        -19.29640007019043,
        42.627891540527344,
        20.67901611328125
      ],
      [
        0.0,
        -26.309003829956055,
        38.48227310180664
      ]
    ]
  }
}