{
  "partsInfo": {
    "compressLevel": 3,
    "memoryLevel": 7,
    "strategy": 0,
    "windowBits": 5
  },
  "shape": {
    "filename": "Hair2_57.glb",
    "transform": [
      [
        13.024616241455078,
        11.930599212646484,
        -17.030975341796875
      ],
      [
        0.0,
        9.221147537231445,
        10.682044982910156
      ],
      [
        -18.20518684387207,
        0.0,
        10.413557052612305
      ],
      [
        15.034374237060547,
        -21.579267501831055,
        0.0
      ],
      [
        14.754448890686035,
        16.6448917388916,
        -20.078182220458984
      ],
      [
        0.0,
        16.45276641845703,
        14.149041175842285
      ]
    ]
  }
}