{
  "partsInfo": {
    "compressLevel": 3,
    "memoryLevel": 7,
    "strategy": 0,
    "windowBits": 5
  },
  "shape": {
    "filename": "Hair2_73.glb",
    "transform": [
      [
        16.122167587280273,
        37.88344192504883,
        20.42575454711914
      ],
      [
        0.0,
        0.0,
        57.22421646118164
      ],
      [
        9.059319496154785,
        0.0,
        18.972076416015625
      ],
      [
        32.45890808105469,
        18.143264770507812,
        0.0
      ],
      [
        13.58476734161377,
        43.77017593383789,
        22.215438842773438
      ],
      [
        0.0,
        22.010000228881836,
        27.279359817504883
      ]
    ]
  }
}