{
  "partsInfo": {
    "compressLevel": 3,
    "memoryLevel": 7,
    "strategy": 0,
    "windowBits": 5
  },
  "shape": {
    "filename": "Hair2_77.glb",
    "transform": [
      [
        10.894328117370605,
        1.9032024145126343,
        -11.647448539733887
      ],
      [
        0.0,
        0.02195596694946289,
        1.9290902614593506
      ],
      [
        -13.97493839263916,
        0.0,
        0.09076319634914398
      ],
      [
        -5.847113132476807,
        -17.416454315185547,
        0.0
      ],
      [
        4.576902866363525,
        -5.69422721862793,
        -16.980220794677734
      ],
      [
        0.0,
        8.859511375427246,
        -5.10563850402832
      ]
    ]
  }
}