{
  "partsInfo": {
    "compressLevel": 3,
    "memoryLevel": 7,
    "strategy": 0,
    "windowBits": 5
  },
  "shape": {
    "filename": "Hair2_122.glb",
    "transform": [
      [
        16.41832160949707,
        51.456764221191406,
        15.862470626831055
      ],
      [
        0.0,
        14.581977844238281,
        52.7806282043457
      ],
      [
        18.256324768066406,
        0.0,
        18.409271240234375
      ],
      [
        49.032501220703125,
        17.015239715576172,
        0.0
      ],
      [
        16.48535919189453,
        49.03064727783203,
        20.02890396118164
      ],
      [
        0.0,
        13.008468627929688,
        53.37464141845703
      ]
    ]
  }
}