{
  "partsInfo": {
    "compressLevel": 3,
    "memoryLevel": 7,
    "strategy": 0,
    "windowBits": 5
  },
  "shape": {
    "filename": "Hair2_87.glb",
    "transform": [
      [
        -25.542213439941406,
        32.95147705078125,
        16.485759735107422
      ],
      [
        0.0,
        -22.803577423095703,
        39.632102966308594
      ],
      [
        17.56162452697754,
        0.0,
        -30.35907745361328
      ],
      [
        32.181976318359375,
        10.946196556091309,
        0.0
      ],
      [
        -17.674854278564453,
        35.55560302734375,
        22.848234176635742
      ],
      [
        0.0,
        -24.27643585205078,
        42.07421875
      ]
    ]
  }
}