{
  "partsInfo": {
    "compressLevel": 3,
    "memoryLevel": 7,
    "strategy": 0,
    "windowBits": 5
  },
  "shape": {
    "filename": "Hair2_69.glb",
    "transform": [
      [
        -25.92441749572754,
        36.95649719238281,
        10.103503227233887
      ],
      [
        0.0,
        -24.772932052612305,
        40.580833435058594
      ],
      [
        11.34156608581543,
        0.0,
        -27.371633529663086
      ],
      [
        36.16429138183594,
        7.4808454513549805,
        0.0
      ],
      [
        -30.178234100341797,
        27.88914680480957,
        5.076129913330078
      ],
      [
        0.0,
        -28.54092788696289,
        35.261009216308594
      ]
    ]
  }
}