{
  "partsInfo": {
    "compressLevel": 3,
    "memoryLevel": 7,
    "strategy": 0,
    "windowBits": 5
  },
  "shape": {
    "filename": "Hair2_6.glb",
    "transform": [
      [
        21.559329986572266,
        48.08198547363281,
        13.619241714477539
      ],
      [
        0.0,
        23.71697998046875,
        44.14203643798828
      ],
      [
        11.356332778930664,
        0.0,
        25.08930206298828
      ],
      [
        43.32170104980469,
        7.487068176269531,
        0.0
      ],
      [
        22.548015594482422,
        44.47760009765625,
        14.998932838439941
      ],
      [
        0.0,
        26.575271606445312,
        39.07263946533203
      ]
    ]
  }
}