{
  "partsInfo": {
    "compressLevel": 3,
    "memoryLevel": 7,
    "strategy": 0,
    "windowBits": 5
  },
  "shape": {
    "filename": "Hair2_33.glb",
    "transform": [
      [
        -23.7984561920166,
        22.362459182739258,
        -8.650893211364746
      ],
      [
        0.0,
        0.0,
        34.01906967163086
      ],
      [
        0.0,
        0.0,
        -25.683185577392578
      ],
      [
        27.437686920166016,
        -4.512420177459717,
        0.0
      ],
      [
        -27.370779037475586,
        32.961524963378906,
        0.0015961937606334686
      ],
      [
        0.0,
        -26.08650016784668,
        30.018033981323242
      ]
    ]
  }
}