{
  "partsInfo": {
    "compressLevel": 3,
    "memoryLevel": 7,
    "strategy": 0,
    "windowBits": 5
  },
  "shape": {
    "filename": "Hair2_85.glb",
    "transform": [
      [
        -20.881071090698242,
        36.75074768066406,
        -22.336742401123047
      ],
      [
        0.0,
        -22.0469970703125,
        33.82939529418945
      ],
      [
        -22.337390899658203,
        0.0,
        -23.28668975830078
      ],
      [
        39.10448455810547,
        -17.54574966430664,
        0.0
      ],
      [
        -19.350643157958984,
        32.09635925292969,
        -26.43143653869629
      ],
      [
        0.0,
        -17.885976791381836,
        34.795318603515625
      ]
    ]
  }
}