{
  "partsInfo": {
    "compressLevel": 3,
    "memoryLevel": 7,
    "strategy": 0,
    "windowBits": 5
  },
  "shape": {
    "filename": "Hair2_16.glb",
    "transform": [
      [
        10.338926315307617,
        52.43492126464844,
        22.301300048828125
      ],
      [
        0.0,
        0.0,
        54.29832458496094
      ],
      [
        3.318302631378174,
        0.0,
        13.96044921875
      ],
      [
        47.49040985107422,
        22.453983306884766,
        0.0
      ],
      [
        11.094366073608398,
        48.05298614501953,
        16.95438575744629
      ],
      [
        0.0,
        13.26327896118164,
        44.993865966796875
      ]
    ]
  }
}