{
  "partsInfo": {
    "compressLevel": 3,
    "memoryLevel": 7,
    "strategy": 0,
    "windowBits": 5
  },
  "shape": {
    "filename": "Hair2_88.glb",
    "transform": [
      [
        0.0,
        25.0,
        0.0
      ],
      [
        0.0,
        27.799997329711914,
        33.436073303222656
      ],
      [
        0.0,
        0.0,
        27.201438903808594
      ],
      [
        28.718036651611328,
        1.5,
        0.0
      ],
      [
        0.0,
        34.69119644165039,
        -5.812000274658203
      ],
      [
        0.0,
        23.7984561920166,
        22.362459182739258
      ]
    ]
  }
}