{
  "partsInfo": {
    "compressLevel": 3,
    "memoryLevel": 7,
    "strategy": 0,
    "windowBits": 5
  },
  "shape": {
    "filename": "Hair2_117.glb",
    "transform": [
      [
        -24.133281707763672,
        7.332551002502441,
        -8.667795181274414
      ],
      [
        0.0,
        -15.500995635986328,
        5.8303141593933105
      ],
      [
        -9.087282180786133,
        0.0,
        -20.09711456298828
      ],
      [
        9.189533233642578,
        -7.989623546600342,
        0.0
      ],
      [
        -22.680213928222656,
        2.3113229274749756,
        -12.064064979553223
      ],
      [
        0.0,
        -25.431846618652344,
        12.352344512939453
      ]
    ]
  }
}