{
  "partsInfo": {
    "compressLevel": 3,
    "memoryLevel": 7,
    "strategy": 0,
    "windowBits": 5
  },
  "shape": {
    "filename": "Hair2_7.glb",
    "transform": [
      [
        0.0,
        -10.926706314086914,
        -21.02956771850586
      ],
      [
        0.0,
        -13.150632858276367,
        -10.258581161499023
      ],
      [
        -11.491271018981934,
        0.0,
        -9.207403182983398
      ],
      [
        -18.0,
        -26.9069766998291,
        0.0
      ],
      [
        -2.0460896492004395,
        -14.249109268188477,
        -29.634008407592773
      ],
      [
        0.0,
        0.0,
        -13.177425384521484
      ]
    ]
  }
}