{
  "partsInfo": {
    "compressLevel": 3,
    "memoryLevel": 7,
    "strategy": 0,
    "windowBits": 5
  },
  "shape": {
    "filename": "Hair2_97.glb",
    "transform": [
      [
        0.0,
        -10.223993301391602,
        -51.590423583984375
      ],
      [
        0.0,
        -2.7996883392333984,
        -7.696833610534668
      ],
      [
        -48.05328369140625,
        0.0,
        -2.779644727706909
      ],
      [
        -6.7264790534973145,
        -48.96356964111328,
        0.0
      ],
      [
        0.0,
        -9.256962776184082,
        -46.465362548828125
      ],
      [
        0.0,
        -1.2397572994232178,
        -9.048282623291016
      ]
    ]
  }
}