{
  "partsInfo": {
    "compressLevel": 3,
    "memoryLevel": 7,
    "strategy": 0,
    "windowBits": 5
  },
  "shape": {
    "filename": "Hair2_115.glb",
    "transform": [
      [
        0.8275672197341919,
        47.08628845214844,
        25.97175407409668
      ],
      [
        0.0,
        -0.8903759717941284,
        47.14332962036133
      ],
      [
        26.204978942871094,
        0.0,
        -5.57213830947876
      ],
      [
        40.71250915527344,
        27.19283676147461,
        0.0
      ],
      [
        3.8246560096740723,
        49.67266845703125,
        24.906532287597656
      ],
      [
        0.0,
        0.8458212614059448,
        50.152801513671875
      ]
    ]
  }
}