{
  "partsInfo": {
    "compressLevel": 3,
    "memoryLevel": 7,
    "strategy": 0,
    "windowBits": 5
  },
  "shape": {
    "transform": [
      [
        0.0,
        62.29999923706055,
        13.489999771118164
      ],
      [
        0.5235987901687622,
        0.0,
        0.0
      ],
      [
        -20.059999465942383,
        58.08000183105469,
        0.1899999976158142
      ],
      [
        0.0,
        0.0,
        0.7853981852531433
      ],
      [
        0.0,
        64.93000030517578,
        -15.010000228881836
      ],
      [
        -0.4363323152065277,
        0.0,
        0.0
      ]
    ]
  }
}