{
  "partsInfo": {
    "compressLevel": 3,
    "memoryLevel": 7,
    "strategy": 0,
    "windowBits": 5
  },
  "shape": {
    "filename": "Hair2_13.glb",
    "transform": [
      [
        18.916669845581055,
        2.333326816558838,
        -10.666670799255371
      ],
      [
        0.0,
        13.382481575012207,
        13.085525512695312
      ],
      [
        -9.796483993530273,
        0.0,
        16.16666603088379
      ],
      [
        -1.0000035762786865,
        -12.666668891906738,
        0.0
      ],
      [
        21.5000057220459,
        6.333324909210205,
        -8.666669845581055
      ],
      [
        0.0,
        13.333331108093262,
        -4.000000953674316
      ]
    ]
  }
}