{
  "partsInfo": {
    "compressLevel": 3,
    "memoryLevel": 7,
    "strategy": 0,
    "windowBits": 5
  },
  "shape": {
    "filename": "Hair2_109.glb",
    "transform": [
      [
        3.007180690765381,
        41.61598205566406,
        8.906908988952637
      ],
      [
        0.0,
        23.7984561920166,
        22.36245346069336
      ],
      [
        -8.65089225769043,
        0.0,
        25.769771575927734
      ],
      [
        26.453285217285156,
        -4.5124192237854,
        0.0
      ],
      [
        24.730348587036133,
        27.000003814697266,
        9.0
      ],
      [
        0.0,
        25.15235710144043,
        34.608367919921875
      ]
    ]
  }
}