{
  "partsInfo": {
    "compressLevel": 3,
    "memoryLevel": 7,
    "strategy": 0,
    "windowBits": 5
  },
  "shape": {
    "filename": "Hair2_89.glb",
    "transform": [
      [
        -25.591899871826172,
        40.90549087524414,
        -12.787796020507812
      ],
      [
        0.0,
        -25.18897247314453,
        38.361698150634766
      ],
      [
        -16.053335189819336,
        0.0,
        -25.69385528564453
      ],
      [
        40.52559280395508,
        -11.915903091430664,
        0.0
      ],
      [
        -25.97283935546875,
        42.09225082397461,
        -11.282468795776367
      ],
      [
        0.0,
        -27.025856018066406,
        42.06365966796875
      ]
    ]
  }
}