{
  "partsInfo": {
    "compressLevel": 3,
    "memoryLevel": 7,
    "strategy": 0,
    "windowBits": 5
  },
  "shape": {
    "filename": "Hair2_9.glb",
    "transform": [
      [
        25.970781326293945,
        41.28414535522461,
        5.192336082458496
      ],
      [
        0.0,
        25.818405151367188,
        42.42039489746094
      ],
      [
        7.303443908691406,
        0.0,
        26.117231369018555
      ],
      [
        39.01545333862305,
        5.456138610839844,
        0.0
      ],
      [
        24.97999382019043,
        43.75629806518555,
        10.324317932128906
      ],
      [
        0.0,
        25.780590057373047,
        39.65119171142578
      ]
    ]
  }
}