{
  "partsInfo": {
    "compressLevel": 3,
    "memoryLevel": 7,
    "strategy": 0,
    "windowBits": 5
  },
  "shape": {
    "filename": "Hair2_54.glb",
    "transform": [
      [
        -16.45276641845703,
        14.149044036865234,
        -15.192917823791504
      ],
      [
        0.0,
        -16.0987606048584,
        14.787162780761719
      ],
      [
        -20.11357307434082,
        0.0,
        -13.024616241455078
      ],
      [
        11.930599212646484,
        -17.030975341796875,
        0.0
      ],
      [
        -20.277179718017578,
        17.1658935546875,
        -18.84674835205078
      ],
      [
        0.0,
        -20.116500854492188,
        17.653400421142578
      ]
    ]
  }
}