{
  "partsInfo": {
    "compressLevel": 3,
    "memoryLevel": 7,
    "strategy": 0,
    "windowBits": 5
  },
  "shape": {
    "filename": "Hair2_82.glb",
    "transform": [
      [
        -22.53671646118164,
        -13.690396308898926,
        11.758682250976562
      ],
      [
        0.0,
        -18.663124084472656,
        -15.336063385009766
      ],
      [
        15.334188461303711,
        0.0,
        -20.237384796142578
      ],
      [
        -14.743803977966309,
        15.78930950164795,
        0.0
      ],
      [
        -24.295270919799805,
        -13.23149585723877,
        13.152034759521484
      ],
      [
        0.0,
        -25.78963851928711,
        -11.280960083007812
      ]
    ]
  }
}