{
  "partsInfo": {
    "compressLevel": 3,
    "memoryLevel": 7,
    "strategy": 0,
    "windowBits": 5
  },
  "shape": {
    "filename": "Hair2_125.glb",
    "transform": [
      [
        -10.750265121459961,
        53.90281677246094,
        16.955928802490234
      ],
      [
        0.0,
        -15.952835083007812,
        36.20420837402344
      ],
      [
        24.173709869384766,
        0.0,
        -17.409318923950195
      ],
      [
        32.69978332519531,
        23.047151565551758,
        0.0
      ],
      [
        -11.596940994262695,
        46.561248779296875,
        24.293193817138672
      ],
      [
        0.0,
        -13.0134916305542,
        43.19683074951172
      ]
    ]
  }
}