{
  "partsInfo": {
    "compressLevel": 3,
    "memoryLevel": 7,
    "strategy": 0,
    "windowBits": 5
  },
  "shape": {
    "filename": "Hair2_55.glb",
    "transform": [
      [
        11.410676002502441,
        53.4375,
        20.454471588134766
      ],
      [
        0.0,
        8.174560546875,
        56.5511474609375
      ],
      [
        20.848960876464844,
        0.0,
        5.035497665405273
      ],
      [
        54.47502136230469,
        23.062389373779297,
        0.0
      ],
      [
        8.263765335083008,
        58.11222457885742,
        19.57608985900879
      ],
      [
        0.0,
        5.057669162750244,
        56.749568939208984
      ]
    ]
  }
}