{
  "partsInfo": {
    "compressLevel": 3,
    "memoryLevel": 7,
    "strategy": 0,
    "windowBits": 5
  },
  "shape": {
    "filename": "Hair2_72.glb",
    "transform": [
      [
        33.71328353881836,
        24.99575424194336,
        -3.8757004737854004
      ],
      [
        0.0,
        22.958450317382812,
        23.204708099365234
      ],
      [
        -3.736717462539673,
        0.0,
        33.294227600097656
      ],
      [
        18.96965217590332,
        -5.076927661895752,
        0.0
      ],
      [
        32.121768951416016,
        13.485798835754395,
        -6.862621307373047
      ],
      [
        0.0,
        30.175065994262695,
        8.81289005279541
      ]
    ]
  }
}