{
  "partsInfo": {
    "compressLevel": 3,
    "memoryLevel": 7,
    "strategy": 0,
    "windowBits": 5
  },
  "shape": {
    "filename": "Hair1_54.glb",
    "transform": [
      [
        0.0,
        77.3958969116211,
        15.494199752807617
      ],
      [
        0.45378559827804565,
        0.0,
        0.0
      ],
      [
        -27.063899993896484,
        64.58100128173828,
        0.18998299539089203
      ],
      [
        -1.4499130429612705e-07,
        1.4499130429612705e-07,
        0.7853981852531433
      ],
      [
        0.0,
        73.92530059814453,
        -17.014799118041992
      ],
      [
        -0.4363323152065277,
        0.0,
        0.0
      ]
    ]
  }
}