{
  "partsInfo": {
    "compressLevel": 3,
    "memoryLevel": 7,
    "strategy": 0,
    "windowBits": 5
  },
  "shape": {
    "filename": "Hair2_42.glb",
    "transform": [
      [
        -29.156986236572266,
        23.719701766967773,
        2.4120380878448486
      ],
      [
        0.0,
        -27.019969940185547,
        24.981229782104492
      ],
      [
        4.797422885894775,
        0.0,
        -28.927978515625
      ],
      [
        23.730499267578125,
        5.044490814208984,
        0.0
      ],
      [
        -28.697643280029297,
        24.326923370361328,
        7.539085865020752
      ],
      [
        0.0,
        -27.000804901123047,
        25.34125328063965
      ]
    ]
  }
}