{
  "partsInfo": {
    "compressLevel": 3,
    "memoryLevel": 7,
    "strategy": 0,
    "windowBits": 5
  },
  "shape": {
    "filename": "Hair2_15.glb",
    "transform": [
      [
        10.733880996704102,
        3.0056214332580566,
        -11.368734359741211
      ],
      [
        0.0,
        5.540332794189453,
        -12.600164413452148
      ],
      [
        -24.312829971313477,
        0.0,
        11.080665588378906
      ],
      [
        -7.2003278732299805,
        -26.000001907348633,
        0.0
      ],
      [
        13.740291595458984,
        -10.970172882080078,
        -18.264923095703125
      ],
      [
        0.0,
        13.56689453125,
        -5.867197513580322
      ]
    ]
  }
}