{
  "partsInfo": {
    "compressLevel": 3,
    "memoryLevel": 7,
    "strategy": 0,
    "windowBits": 5
  },
  "shape": {
    "filename": "Hair2_61.glb",
    "transform": [
      [
        17.131460189819336,
        54.263301849365234,
        13.903365135192871
      ],
      [
        0.0,
        13.345306396484375,
        52.434940338134766
      ],
      [
        12.011881828308105,
        0.0,
        23.477405548095703
      ],
      [
        43.12564468383789,
        14.083179473876953,
        0.0
      ],
      [
        16.75687026977539,
        41.851078033447266,
        11.04399585723877
      ],
      [
        0.0,
        26.115951538085938,
        37.65794372558594
      ]
    ]
  }
}