{
  "partsInfo": {
    "compressLevel": 3,
    "memoryLevel": 7,
    "strategy": 0,
    "windowBits": 5
  },
  "shape": {
    "filename": "Hair1_127.glb",
    "transform": [
      [
        0.0,
        68.5885009765625,
        13.320699691772461
      ],
      [
        0.3839724361896515,
        0.0,
        0.0
      ],
      [
        -21.063899993896484,
        59.58100128173828,
        1.590000033378601
      ],
      [
        0.0,
        0.0,
        0.7853981852531433
      ],
      [
        0.0,
        72.0,
        -16.0
      ],
      [
        -0.1745329201221466,
        0.0,
        0.0
      ]
    ]
  }
}