{
  "partsInfo": {
    "compressLevel": 3,
    "memoryLevel": 7,
    "strategy": 0,
    "windowBits": 5
  },
  "shape": {
    "filename": "Hair2_40.glb",
    "transform": [
      [
        5.263913154602051,
        54.60816955566406,
        23.3880615234375
      ],
      [
        0.0,
        10.31916618347168,
        52.053321838378906
      ],
      [
        23.105012893676758,
        0.0,
        10.326875686645508
      ],
      [
        53.986602783203125,
        22.17373275756836,
        0.0
      ],
      [
        6.128146171569824,
        52.51011276245117,
        23.571672439575195
      ],
      [
        0.0,
        14.831652641296387,
        53.05765151977539
      ]
    ]
  }
}