{
  "partsInfo": {
    "compressLevel": 3,
    "memoryLevel": 7,
    "strategy": 0,
    "windowBits": 5
  },
  "shape": {
    "filename": "Hair2_31.glb",
    "transform": [
      [
        16.45276641845703,
        14.149041175842285,
        -15.192917823791504
      ],
      [
        0.0,
        22.228078842163086,
        14.999999046325684
      ],
      [
        -16.200000762939453,
        0.0,
        18.28463363647461
      ],
      [
        15.901222229003906,
        -13.760908126831055,
        0.0
      ],
      [
        13.024617195129395,
        11.9306001663208,
        -17.030975341796875
      ],
      [
        0.0,
        20.116500854492188,
        17.653404235839844
      ]
    ]
  }
}