{
  "partsInfo": {
    "compressLevel": 3,
    "memoryLevel": 7,
    "strategy": 0,
    "windowBits": 5
  },
  "shape": {
    "filename": "Hair2_8.glb",
    "transform": [
      [
        -17.496183395385742,
        5.54388427734375,
        -8.01561164855957
      ],
      [
        0.0,
        -23.895509719848633,
        -3.253188371658325
      ],
      [
        -9.793264389038086,
        0.0,
        -22.744943618774414
      ],
      [
        0.809819221496582,
        -11.825151443481445,
        0.0
      ],
      [
        -22.217321395874023,
        4.496798038482666,
        -13.502145767211914
      ],
      [
        0.0,
        -22.000415802001953,
        7.996721267700195
      ]
    ]
  }
}