{
  "partsInfo": {
    "compressLevel": 3,
    "memoryLevel": 7,
    "strategy": 0,
    "windowBits": 5
  },
  "shape": {
    "filename": "Hair2_104.glb",
    "transform": [
      [
        -13.659638404846191,
        19.04890251159668,
        -24.01235580444336
      ],
      [
        0.0,
        -14.487672805786133,
        18.737342834472656
      ],
      [
        -22.412315368652344,
        0.0,
        -14.823132514953613
      ],
      [
        15.767406463623047,
        -25.357921600341797,
        0.0
      ],
      [
        -14.842630386352539,
        16.649471282958984,
        -27.750213623046875
      ],
      [
        0.0,
        -13.737939834594727,
        19.802648544311523
      ]
    ]
  }
}