{
  "partsInfo": {
    "compressLevel": 3,
    "memoryLevel": 7,
    "strategy": 0,
    "windowBits": 5
  },
  "shape": {
    "filename": "Hair2_60.glb",
    "transform": [
      [
        -22.68021011352539,
        2.3113229274749756,
        -12.064064025878906
      ],
      [
        0.0,
        -21.024322509765625,
        -2.417451858520508
      ],
      [
        -16.082216262817383,
        0.0,
        -15.500994682312012
      ],
      [
        5.8303141593933105,
        -9.087281227111816,
        0.0
      ],
      [
        -24.13327980041504,
        7.332550048828125,
        -8.667795181274414
      ],
      [
        0.0,
        -19.26702308654785,
        -7.0
      ]
    ]
  }
}