{
  "partsInfo": {
    "compressLevel": 3,
    "memoryLevel": 7,
    "strategy": 0,
    "windowBits": 5
  },
  "shape": {
    "filename": "Hair2_107.glb",
    "transform": [
      [
        26.172142028808594,
        43.314491271972656,
        4.286188125610352
      ],
      [
        0.0,
        24.501001358032227,
        45.223331451416016
      ],
      [
        10.045948028564453,
        0.0,
        26.494882583618164
      ],
      [
        38.977020263671875,
        7.75986909866333,
        0.0
      ],
      [
        28.11052703857422,
        36.911441802978516,
        -1.5312470197677612
      ],
      [
        0.0,
        27.826919555664062,
        41.09362030029297
      ]
    ]
  }
}