{
  "partsInfo": {
    "compressLevel": 3,
    "memoryLevel": 7,
    "strategy": 0,
    "windowBits": 5
  },
  "shape": {
    "filename": "Hair1_80.glb",
    "transform": [
      [
        0.0,
        67.0,
        13.494199752807617
      ],
      [
        0.3839724361896515,
        0.0,
        0.0
      ],
      [
        -20.063899993896484,
        58.08100128173828,
        0.18999600410461426
      ],
      [
        0.0,
        0.0,
        0.7853981852531433
      ],
      [
        0.0,
        64.92530059814453,
        -15.014800071716309
      ],
      [
        -0.4363323152065277,
        0.0,
        0.0
      ]
    ]
  }
}