{
  "partsInfo": {
    "compressLevel": 3,
    "memoryLevel": 7,
    "strategy": 0,
    "windowBits": 5
  },
  "shape": {
    "filename": "Hair2_20.glb",
    "transform": [
      [
        7.550394058227539,
        43.56321334838867,
        25.640758514404297
      ],
      [
        0.0,
        0.0,
        44.0
      ],
      [
        -0.05171971023082733,
        0.0,
        10.606767654418945
      ],
      [
        43.681800842285156,
        24.509199142456055,
        0.0
      ],
      [
        3.7751970291137695,
        43.543479919433594,
        26.31467628479004
      ],
      [
        0.0,
        13.663143157958984,
        43.800392150878906
      ]
    ]
  }
}