{
  "partsInfo": {
    "compressLevel": 3,
    "memoryLevel": 7,
    "strategy": 0,
    "windowBits": 5
  },
  "shape": {
    "filename": "Hair2_45.glb",
    "transform": [
      [
        -25.221778869628906,
        27.899267196655273,
        -4.325444221496582
      ],
      [
        0.0,
        -25.25804901123047,
        27.924901962280273
      ],
      [
        -8.170316696166992,
        0.0,
        -23.7984561920166
      ],
      [
        22.362459182739258,
        -8.650893211364746,
        0.0
      ],
      [
        -26.299999237060547,
        33.436073303222656,
        0.0
      ],
      [
        0.0,
        -23.96195411682129,
        23.90422821044922
      ]
    ]
  }
}