{
  "partsInfo": {
    "compressLevel": 3,
    "memoryLevel": 7,
    "strategy": 0,
    "windowBits": 5
  },
  "shape": {
    "filename": "Hair2_52.glb",
    "transform": [
      [
        -25.239185333251953,
        42.000003814697266,
        10.72939682006836
      ],
      [
        0.0,
        -23.804719924926758,
        42.493743896484375
      ],
      [
        13.416275978088379,
        0.0,
        -23.221033096313477
      ],
      [
        46.52452850341797,
        11.835693359375,
        0.0
      ],
      [
        -22.22130012512207,
        42.923866271972656,
        16.226524353027344
      ],
      [
        0.0,
        -21.651418685913086,
        46.68865966796875
      ]
    ]
  }
}