{
  "partsInfo": {
    "compressLevel": 3,
    "memoryLevel": 7,
    "strategy": 0,
    "windowBits": 5
  },
  "shape": {
    "filename": "Hair2_47.glb",
    "transform": [
      [
        -26.333290100097656,
        44.879364013671875,
        0.9414181113243103
      ],
      [
        0.0,
        -26.276042938232422,
        40.53993606567383
      ],
      [
        0.46331167221069336,
        0.0,
        -25.565704345703125
      ],
      [
        44.8886833190918,
        4.915028095245361,
        0.0
      ],
      [
        -26.579017639160156,
        39.996856689453125,
        -3.9943618774414062
      ],
      [
        0.0,
        -26.299999237060547,
        33.436073303222656
      ]
    ]
  }
}