{
  "partsInfo": {
    "compressLevel": 3,
    "memoryLevel": 7,
    "strategy": 0,
    "windowBits": 5
  },
  "shape": {
    "filename": "Hair2_118.glb",
    "transform": [
      [
        -27.81584930419922,
        22.404611587524414,
        -12.826567649841309
      ],
      [
        0.0,
        -23.187332153320312,
        19.30615234375
      ],
      [
        -19.795730590820312,
        0.0,
        -23.727458953857422
      ],
      [
        17.986495971679688,
        -17.166545867919922,
        0.0
      ],
      [
        -24.81905174255371,
        22.796449661254883,
        -18.82187271118164
      ],
      [
        0.0,
        -25.791379928588867,
        27.598587036132812
      ]
    ]
  }
}