{
  "partsInfo": {
    "compressLevel": 3,
    "memoryLevel": 7,
    "strategy": 0,
    "windowBits": 5
  },
  "shape": {
    "filename": "Hair2_123.glb",
    "transform": [
      [
        12.506667137145996,
        47.35272216796875,
        6.854094982147217
      ],
      [
        0.0,
        13.472978591918945,
        46.07330322265625
      ],
      [
        14.44645881652832,
        0.0,
        0.20364153385162354
      ],
      [
        45.533748626708984,
        7.2917656898498535,
        0.0
      ],
      [
        15.118203163146973,
        46.563140869140625,
        13.382573127746582
      ],
      [
        0.0,
        16.534669876098633,
        47.18091583251953
      ]
    ]
  }
}