{
  "partsInfo": {
    "compressLevel": 3,
    "memoryLevel": 7,
    "strategy": 0,
    "windowBits": 5
  },
  "shape": {
    "filename": "Hair2_81.glb",
    "transform": [
      [
        14.274612426757812,
        60.093475341796875,
        14.90389347076416
      ],
      [
        0.0,
        -7.89125919342041,
        28.811893463134766
      ],
      [
        26.42641830444336,
        0.0,
        -10.541360855102539
      ],
      [
        26.886127471923828,
        25.40191650390625,
        0.0
      ],
      [
        -0.2415505051612854,
        36.98855209350586,
        27.090742111206055
      ],
      [
        0.0,
        -2.8189234733581543,
        33.95069122314453
      ]
    ]
  }
}