{
  "partsInfo": {
    "compressLevel": 3,
    "memoryLevel": 7,
    "strategy": 0,
    "windowBits": 5
  },
  "shape": {
    "filename": "Hair2_10.glb",
    "transform": [
      [
        21.154430389404297,
        -1.1635633707046509,
        -16.105558395385742
      ],
      [
        0.0,
        7.505929470062256,
        15.179012298583984
      ],
      [
        -11.493001937866211,
        0.0,
        17.837993621826172
      ],
      [
        -4.5659589767456055,
        -19.329345703125,
        0.0
      ],
      [
        23.892234802246094,
        2.6566755771636963,
        -12.713953018188477
      ],
      [
        0.0,
        14.065218925476074,
        -7.447974681854248
      ]
    ]
  }
}