{
  "partsInfo": {
    "compressLevel": 3,
    "memoryLevel": 7,
    "strategy": 0,
    "windowBits": 5
  },
  "shape": {
    "filename": "Hair2_113.glb",
    "transform": [
      [
        18.57025909423828,
        35.90149688720703,
        22.79872703552246
      ],
      [
        0.0,
        0.0,
        41.000003814697266
      ],
      [
        0.0,
        0.0,
        21.20724868774414
      ],
      [
        34.64479064941406,
        20.14430809020996,
        0.0
      ],
      [
        14.826794624328613,
        37.064178466796875,
        25.136289596557617
      ],
      [
        0.0,
        22.95846939086914,
        33.33065414428711
      ]
    ]
  }
}