{
  "partsInfo": {
    "compressLevel": 3,
    "memoryLevel": 7,
    "strategy": 0,
    "windowBits": 5
  },
  "shape": {
    "filename": "Hair2_24.glb",
    "transform": [
      [
        0.0,
        18.0,
        -3.7991368770599365
      ],
      [
        0.0,
        -27.09712028503418,
        -1.7641687393188477
      ],
      [
        -10.969049453735352,
        0.0,
        -22.60218620300293
      ],
      [
        -1.7641675472259521,
        -19.162534713745117,
        0.0
      ],
      [
        -12.23089599609375,
        -1.7641675472259521,
        -31.578651428222656
      ],
      [
        0.0,
        -6.354540824890137,
        -1.7641687393188477
      ]
    ]
  }
}