{
  "partsInfo": {
    "compressLevel": 3,
    "memoryLevel": 7,
    "strategy": 0,
    "windowBits": 5
  },
  "shape": {
    "filename": "Hair1_5.glb",
    "transform": [
      [
        0.0,
        70.57830047607422,
        8.419260025024414
      ],
      [
        0.10130012780427933,
        0.0,
        0.0
      ],
      [
        -21.063899993896484,
        59.58100128173828,
        0.18999600410461426
      ],
      [
        0.0,
        0.0,
        0.7853981852531433
      ],
      [
        0.0,
        66.92530059814453,
        -15.014800071716309
      ],
      [
        -0.4363323152065277,
        0.0,
        0.0
      ]
    ]
  }
}