{
  "partsInfo": {
    "compressLevel": 3,
    "memoryLevel": 7,
    "strategy": 0,
    "windowBits": 5
  },
  "shape": {
    "filename": "Hair2_27.glb",
    "transform": [
      [
        -8.779921531677246,
        49.247047424316406,
        24.174694061279297
      ],
      [
        0.0,
        -9.484854698181152,
        49.17375564575195
      ],
      [
        22.35826873779297,
        0.0,
        -7.512905597686768
      ],
      [
        52.492347717285156,
        23.66982650756836,
        0.0
      ],
      [
        -10.046937942504883,
        46.001747131347656,
        24.679561614990234
      ],
      [
        0.0,
        -8.926155090332031,
        51.408470153808594
      ]
    ]
  }
}