{
  "partsInfo": {
    "compressLevel": 3,
    "memoryLevel": 7,
    "strategy": 0,
    "windowBits": 5
  },
  "shape": {
    "filename": "Hair2_99.glb",
    "transform": [
      [
        18.365982055664062,
        37.00857162475586,
        -26.60568618774414
      ],
      [
        0.0,
        21.86217498779297,
        36.89548873901367
      ],
      [
        -22.09864616394043,
        0.0,
        18.89118003845215
      ],
      [
        34.62178039550781,
        -26.270244598388672,
        0.0
      ],
      [
        15.216130256652832,
        32.65275573730469,
        -29.501110076904297
      ],
      [
        0.0,
        14.446000099182129,
        37.17363739013672
      ]
    ]
  }
}