{
  "partsInfo": {
    "compressLevel": 3,
    "memoryLevel": 7,
    "strategy": 0,
    "windowBits": 5
  },
  "shape": {
    "filename": "Hair2_21.glb",
    "transform": [
      [
        -10.321187019348145,
        40.86353302001953,
        26.361248016357422
      ],
      [
        0.0,
        -14.806800842285156,
        40.50041580200195
      ],
      [
        24.445724487304688,
        0.0,
        0.0
      ],
      [
        42.18927001953125,
        12.10189437866211,
        0.0
      ],
      [
        -5.295590400695801,
        41.11721420288086,
        27.47772979736328
      ],
      [
        0.0,
        0.0,
        41.22871017456055
      ]
    ]
  }
}