{
  "partsInfo": {
    "compressLevel": 3,
    "memoryLevel": 7,
    "strategy": 0,
    "windowBits": 5
  },
  "shape": {
    "filename": "Hair2_90.glb",
    "transform": [
      [
        0.0,
        45.54069137573242,
        6.87603235244751
      ],
      [
        0.0,
        12.121973991394043,
        29.671772003173828
      ],
      [
        -3.477940082550049,
        0.0,
        23.028223037719727
      ],
      [
        43.994285583496094,
        14.67790412902832,
        0.0
      ],
      [
        2.1242470741271973,
        43.451751708984375,
        25.410049438476562
      ],
      [
        0.0,
        0.0,
        38.756370544433594
      ]
    ]
  }
}