{
  "partsInfo": {
    "compressLevel": 3,
    "memoryLevel": 7,
    "strategy": 0,
    "windowBits": 5
  },
  "shape": {
    "filename": "Hair2_51.glb",
    "transform": [
      [
        -12.341952323913574,
        55.0483512878418,
        20.67388916015625
      ],
      [
        0.0,
        -6.215353012084961,
        57.198814392089844
      ],
      [
        16.471073150634766,
        0.0,
        0.0
      ],
      [
        60.624595642089844,
        9.028888702392578,
        0.0
      ],
      [
        -13.34756851196289,
        51.31241226196289,
        21.819398880004883
      ],
      [
        0.0,
        -14.316207885742188,
        47.2398681640625
      ]
    ]
  }
}