{
  "partsInfo": {
    "compressLevel": 3,
    "memoryLevel": 7,
    "strategy": 0,
    "windowBits": 5
  },
  "shape": {
    "filename": "Hair2_91.glb",
    "transform": [
      [
        21.6099853515625,
        46.99369812011719,
        14.562482833862305
      ],
      [
        0.0,
        0.0,
        36.75235366821289
      ],
      [
        -8.13920783996582,
        0.0,
        24.274131774902344
      ],
      [
        41.57472229003906,
        13.925895690917969,
        0.0
      ],
      [
        20.239574432373047,
        53.836395263671875,
        10.422472953796387
      ],
      [
        0.0,
        25.364416122436523,
        36.1490364074707
      ]
    ]
  }
}