{
  "partsInfo": {
    "compressLevel": 3,
    "memoryLevel": 7,
    "strategy": 0,
    "windowBits": 5
  },
  "shape": {
    "filename": "Hair2_2.glb",
    "transform": [
      [
        -25.982263565063477,
        27.353790283203125,
        9.963607788085938
      ],
      [
        0.0,
        -7.877141952514648,
        48.50001525878906
      ],
      [
        -3.5140581130981445,
        0.0,
        -25.337806701660156
      ],
      [
        28.627426147460938,
        12.55767822265625,
        0.0
      ],
      [
        -26.32211685180664,
        26.597026824951172,
        7.44240665435791
      ],
      [
        0.0,
        -24.365041732788086,
        30.2796573638916
      ]
    ]
  }
}