{
  "partsInfo": {
    "compressLevel": 3,
    "memoryLevel": 7,
    "strategy": 0,
    "windowBits": 5
  },
  "shape": {
    "filename": "Hair2_50.glb",
    "transform": [
      [
        -19.91285514831543,
        55.70468521118164,
        8.350865364074707
      ],
      [
        0.0,
        -22.698232650756836,
        53.02421951293945
      ],
      [
        3.7546229362487793,
        0.0,
        -22.927879333496094
      ],
      [
        48.16820526123047,
        12.621697425842285,
        0.0
      ],
      [
        -24.852083206176758,
        46.39183044433594,
        9.45199203491211
      ],
      [
        0.0,
        -24.50732421875,
        48.1306037902832
      ]
    ]
  }
}