{
  "partsInfo": {
    "compressLevel": 3,
    "memoryLevel": 7,
    "strategy": 0,
    "windowBits": 5
  },
  "shape": {
    "filename": "Hair2_38.glb",
    "transform": [
      [
        -2.7386336114432197e-06,
        27.250001907348633,
        2.749999761581421
      ],
      [
        0.0,
        26.786178588867188,
        24.250001907348633
      ],
      [
        5.75,
        0.0,
        1.7750144252204336e-06
      ],
      [
        22.0,
        8.0,
        0.0
      ],
      [
        26.501672744750977,
        22.0,
        7.999999523162842
      ],
      [
        0.0,
        -2.7386336114432197e-06,
        27.250001907348633
      ]
    ]
  }
}