{
  "partsInfo": {
    "compressLevel": 3,
    "memoryLevel": 7,
    "strategy": 0,
    "windowBits": 5
  },
  "shape": {
    "filename": "Hair2_25.glb",
    "transform": [
      [
        0.0,
        45.67720031738281,
        5.954347610473633
      ],
      [
        0.0,
        0.0,
        43.95713806152344
      ],
      [
        26.95431900024414,
        0.0,
        -4.918900012969971
      ],
      [
        43.95713806152344,
        26.60724449157715,
        0.0
      ],
      [
        -22.797414779663086,
        43.9763298034668,
        3.7553329467773438
      ],
      [
        0.0,
        -17.527036666870117,
        44.002662658691406
      ]
    ]
  }
}