{
  "partsInfo": {
    "compressLevel": 3,
    "memoryLevel": 7,
    "strategy": 0,
    "windowBits": 5
  },
  "shape": {
    "filename": "Hair2_119.glb",
    "transform": [
      [
        -21.992034912109375,
        35.909847259521484,
        17.818063735961914
      ],
      [
        0.0,
        -22.416078567504883,
        39.25202178955078
      ],
      [
        17.088668823242188,
        0.0,
        -22.989704132080078
      ],
      [
        38.41899490356445,
        15.427107810974121,
        0.0
      ],
      [
        -20.057689666748047,
        37.83253860473633,
        19.000635147094727
      ],
      [
        0.0,
        -23.962900161743164,
        40.95649337768555
      ]
    ]
  }
}