{
  "partsInfo": {
    "compressLevel": 3,
    "memoryLevel": 7,
    "strategy": 0,
    "windowBits": 5
  },
  "shape": {
    "filename": "Hair1_118.glb",
    "transform": [
      [
        0.0020884000696241856,
        67.60900115966797,
        13.494199752807617
      ],
      [
        0.27925267815589905,
        0.0,
        0.0
      ],
      [
        -21.061800003051758,
        59.58100128173828,
        0.18999600410461426
      ],
      [
        0.0,
        0.0,
        0.7853981852531433
      ],
      [
        0.002088109962642193,
        66.92530059814453,
        -15.014800071716309
      ],
      [
        -0.4363323152065277,
        0.0,
        0.0
      ]
    ]
  }
}