{
  "partsInfo": {
    "compressLevel": 3,
    "memoryLevel": 7,
    "strategy": 0,
    "windowBits": 5
  },
  "shape": {
    "filename": "Hair2_23.glb",
    "transform": [
      [
        21.374103546142578,
        52.86109924316406,
        7.184107780456543
      ],
      [
        0.0,
        22.46929168701172,
        50.7548828125
      ],
      [
        8.030311584472656,
        0.0,
        23.993242263793945
      ],
      [
        49.336830139160156,
        3.9229869842529297,
        0.0
      ],
      [
        23.3524169921875,
        51.484432220458984,
        3.3205227851867676
      ],
      [
        0.0,
        23.471416473388672,
        48.435203552246094
      ]
    ]
  }
}