{
  "partsInfo": {
    "compressLevel": 3,
    "memoryLevel": 7,
    "strategy": 0,
    "windowBits": 5
  },
  "shape": {
    "filename": "Hair2_84.glb",
    "transform": [
      [
        -21.51285171508789,
        42.79937744140625,
        17.369367599487305
      ],
      [
        0.0,
        -20.308700561523438,
        34.43983459472656
      ],
      [
        5.5708208084106445,
        0.0,
        -20.532867431640625
      ],
      [
        45.63892364501953,
        17.382415771484375,
        0.0
      ],
      [
        -23.229896545410156,
        37.55731201171875,
        17.43108558654785
      ],
      [
        0.0,
        -22.532711029052734,
        30.36810302734375
      ]
    ]
  }
}