{
  "partsInfo": {
    "compressLevel": 3,
    "memoryLevel": 7,
    "strategy": 0,
    "windowBits": 5
  },
  "shape": {
    "filename": "Hair2_93.glb",
    "transform": [
      [
        3.247959613800049,
        52.06539535522461,
        12.141773223876953
      ],
      [
        0.0,
        21.409194946289062,
        20.117847442626953
      ],
      [
        -4.666322231292725,
        0.0,
        13.346161842346191
      ],
      [
        52.0,
        12.215412139892578,
        0.0
      ],
      [
        20.180837631225586,
        13.212911605834961,
        -9.776117324829102
      ],
      [
        0.0,
        22.75690460205078,
        13.302626609802246
      ]
    ]
  }
}