{
  "partsInfo": {
    "compressLevel": 3,
    "memoryLevel": 7,
    "strategy": 0,
    "windowBits": 5
  },
  "shape": {
    "filename": "Hair2_100.glb",
    "transform": [
      [
        4.5878729820251465,
        34.12062072753906,
        -33.10432815551758
      ],
      [
        0.0,
        8.938101768493652,
        34.61117172241211
      ],
      [
        -31.945695877075195,
        0.0,
        4.860151290893555
      ],
      [
        31.629419326782227,
        -33.25679397583008,
        0.0
      ],
      [
        0.0,
        31.40882682800293,
        -33.71242141723633
      ],
      [
        0.0,
        0.0,
        33.637760162353516
      ]
    ]
  }
}