{
  "partsInfo": {
    "compressLevel": 3,
    "memoryLevel": 7,
    "strategy": 0,
    "windowBits": 5
  },
  "shape": {
    "filename": "Hair2_105.glb",
    "transform": [
      [
        13.306785583496094,
        55.73466873168945,
        13.962648391723633
      ],
      [
        0.0,
        -4.784754753112793,
        40.794212341308594
      ],
      [
        26.947776794433594,
        0.0,
        -9.230120658874512
      ],
      [
        36.342323303222656,
        25.757171630859375,
        0.0
      ],
      [
        4.399195671081543,
        49.667198181152344,
        25.026357650756836
      ],
      [
        0.0,
        -0.10908558964729309,
        45.38233184814453
      ]
    ]
  }
}