{
  "partsInfo": {
    "compressLevel": 3,
    "memoryLevel": 7,
    "strategy": 0,
    "windowBits": 5
  },
  "shape": {
    "filename": "Hair2_29.glb",
    "transform": [
      [
        0.0,
        55.6745719909668,
        -6.999999046325684
      ],
      [
        0.0,
        -28.532676696777344,
        27.0
      ],
      [
        2.999999761581421,
        0.0,
        0.0
      ],
      [
        37.96708297729492,
        -3.576695442199707,
        0.0
      ],
      [
        -19.44389533996582,
        33.568050384521484,
        21.47583770751953
      ],
      [
        0.0,
        -21.90894317626953,
        31.531265258789062
      ]
    ]
  }
}