{
  "partsInfo": {
    "compressLevel": 3,
    "memoryLevel": 7,
    "strategy": 0,
    "windowBits": 5
  },
  "shape": {
    "filename": "Hair2_96.glb",
    "transform": [
      [
        -8.317733764648438,
        48.2193603515625,
        0.6043195128440857
      ],
      [
        0.0,
        -27.10375213623047,
        29.930326461791992
      ],
      [
        10.617423057556152,
        0.0,
        -14.603387832641602
      ],
      [
        22.06209373474121,
        -12.936086654663086,
        0.0
      ],
      [
        2.2510459423065186,
        47.108360290527344,
        25.73339080810547
      ],
      [
        0.0,
        0.0499480739235878,
        41.33531951904297
      ]
    ]
  }
}