{
  "partsInfo": {
    "compressLevel": 3,
    "memoryLevel": 7,
    "strategy": 0,
    "windowBits": 5
  },
  "shape": {
    "filename": "Mask_8.glb",
    "transform": [
      [
        45.455875396728516,
        -9.719258308410645,
        -18.37517547607422
      ],
      [
        0.0,
        45.72651672363281,
        5.6915998458862305
      ],
      [
        -12.854393005371094,
        0.0,
        29.657819747924805
      ],
      [
        -14.394805908203125,
        -1.6543638706207275,
        0.0
      ],
      [
        29.960628509521484,
        2.81912899017334,
        4.256015300750732
      ],
      [
        0.0,
        24.51744842529297,
        -15.558347702026367
      ]
    ]
  }
}