{
  "partsInfo": {
    "compressLevel": 3,
    "memoryLevel": 7,
    "strategy": 0,
    "windowBits": 5
  },
  "shape": {
    "filename": "Mask_9.glb",
    "transform": [
      [
        -45.455894470214844,
        -13.219259262084961,
        -18.60441017150879
      ],
      [
        0.0,
        -29.6578426361084,
        -17.894804000854492
      ],
      [
        -1.8835984468460083,
        0.0,
        -45.818363189697266
      ],
      [
        7.420284271240234,
        -10.829551696777344,
        0.0
      ],
      [
        -30.063390731811523,
        5.159571170806885,
        6.4130401611328125
      ],
      [
        0.0,
        -45.87179183959961,
        12.855813980102539
      ]
    ]
  }
}