{
  "partsInfo": {
    "compressLevel": 3,
    "memoryLevel": 7,
    "strategy": 0,
    "windowBits": 5
  },
  "shape": {
    "filename": "Mask_7.glb",
    "transform": [
      [
        -20.302337646484375,
        1.946655511856079,
        12.066215515136719
      ],
      [
        0.0,
        -26.519817352294922,
        2.7520642280578613
      ],
      [
        7.339829444885254,
        0.0,
        -20.0052433013916
      ],
      [
        -14.942405700683594,
        6.160452365875244,
        0.0
      ],
      [
        -13.922304153442383,
        -15.850931167602539,
        10.02338981628418
      ],
      [
        0.0,
        -14.214797019958496,
        1.37134850025177
      ]
    ]
  }
}