{
  "partsInfo": {
    "compressLevel": 3,
    "memoryLevel": 7,
    "strategy": 0,
    "windowBits": 5
  },
  "shape": {
    "filename": "Mask_6.glb",
    "transform": [
      [
        -45.455894470214844,
        -8.219258308410645,
        -14.274773597717285
      ],
      [
        0.0,
        -31.914709091186523,
        -12.226868629455566
      ],
      [
        0.0573498010635376,
        0.0,
        -45.76036834716797
      ],
      [
        9.11795711517334,
        -10.30389404296875,
        0.0
      ],
      [
        -32.25019836425781,
        6.849026203155518,
        4.403911113739014
      ],
      [
        0.0,
        -45.8530387878418,
        15.516426086425781
      ]
    ]
  }
}