{
  "partsInfo": {
    "compressLevel": 3,
    "memoryLevel": 7,
    "strategy": 0,
    "windowBits": 5
  },
  "shape": {
    "filename": "Mask_5.glb",
    "transform": [
      [
        25.32352066040039,
        11.196579933166504,
        12.732471466064453
      ],
      [
        0.0,
        25.209209442138672,
        2.862860918045044
      ],
      [
        11.30663013458252,
        0.0,
        29.981210708618164
      ],
      [
        11.623125076293945,
        8.554780960083008,
        0.0
      ],
      [
        20.47848129272461,
        10.835933685302734,
        16.363622665405273
      ],
      [
        0.0,
        20.361732482910156,
        2.3244686126708984
      ]
    ]
  }
}