{
  "partsInfo": {
    "compressLevel": 3,
    "memoryLevel": 7,
    "strategy": 0,
    "windowBits": 5
  },
  "shape": {
    "filename": "Mask_10.glb",
    "transform": [
      [
        -45.418277740478516,
        76.92145538330078,
        -14.146690368652344
      ],
      [
        0.0,
        -45.716800689697266,
        56.372215270996094
      ],
      [
        -10.419291496276855,
        0.0,
        -29.5457763671875
      ],
      [
        79.78201293945312,
        2.8963100910186768,
        0.0
      ],
      [
        -29.845226287841797,
        59.192726135253906,
        6.630927085876465
      ],
      [
        0.0,
        -24.666521072387695,
        80.48888397216797
      ]
    ]
  }
}