{
  "partsInfo": {
    "compressLevel": 3,
    "memoryLevel": 7,
    "strategy": 0,
    "windowBits": 5
  },
  "shape": {
    "filename": "Mask_11.glb",
    "transform": [
      [
        -25.214632034301758,
        1.626257300376892,
        10.439949989318848
      ],
      [
        0.0,
        -19.662538528442383,
        -15.013486862182617
      ],
      [
        11.149846076965332,
        0.0,
        -19.997241973876953
      ],
      [
        1.0197848081588745,
        14.300802230834961,
        0.0
      ],
      [
        -25.33371353149414,
        9.445934295654297,
        11.892212867736816
      ],
      [
        0.0,
        -30.093442916870117,
        9.901761054992676
      ]
    ]
  }
}