{
  "partsInfo": {
    "compressLevel": 3,
    "memoryLevel": 7,
    "strategy": 0,
    "windowBits": 5
  },
  "shape": {
    "filename": "Mask_3.glb",
    "transform": [
      [
        -45.455894470214844,
        -11.219258308410645,
        -14.774774551391602
      ],
      [
        0.0,
        -31.23764991760254,
        -15.427249908447266
      ],
      [
        0.2739553153514862,
        0.0,
        -45.78211975097656
      ],
      [
        7.356329917907715,
        -10.17740249633789,
        0.0
      ],
      [
        -31.59876251220703,
        5.104353427886963,
        5.29396915435791
      ],
      [
        0.0,
        -45.85708236694336,
        13.020999908447266
      ]
    ]
  }
}