{
  "partsInfo": {
    "compressLevel": 3,
    "memoryLevel": 7,
    "strategy": 0,
    "windowBits": 5
  },
  "shape": {
    "filename": "Mask_4.glb",
    "transform": [
      [
        45.41824722290039,
        75.42145538330078,
        -14.146690368652344
      ],
      [
        0.0,
        29.6546630859375,
        78.30363464355469
      ],
      [
        3.0067691802978516,
        0.0,
        45.71678161621094
      ],
      [
        54.87221145629883,
        -10.419293403625488,
        0.0
      ],
      [
        29.95409393310547,
        57.71337890625,
        6.741589546203613
      ],
      [
        0.0,
        45.836795806884766,
        45.7642936706543
      ]
    ]
  }
}