{
  "partsInfo": {
    "compressLevel": 3,
    "memoryLevel": 7,
    "strategy": 0,
    "windowBits": 5
  },
  "shape": {
    "filename": "Mask_2.glb",
    "transform": [
      [
        26.09433937072754,
        10.905189514160156,
        10.222204208374023
      ],
      [
        0.0,
        25.659751892089844,
        -13.799781799316406
      ],
      [
        1.8014881610870361,
        0.0,
        31.658926010131836
      ],
      [
        11.526285171508789,
        5.13063907623291,
        0.0
      ],
      [
        20.45086097717285,
        10.391186714172363,
        14.519100189208984
      ],
      [
        0.0,
        20.005216598510742,
        -14.942405700683594
      ]
    ]
  }
}