{
  "partsInfo": {
    "compressLevel": 3,
    "memoryLevel": 7,
    "strategy": 0,
    "windowBits": 5
  },
  "shape": {
    "filename": "Mask_0.glb",
    "transform": [
      [
        -45.41824722290039,
        75.42145538330078,
        -14.146690368652344
      ],
      [
        0.0,
        -45.71678161621094,
        54.87221145629883
      ],
      [
        -10.419293403625488,
        0.0,
        -31.08771514892578
      ],
      [
        78.04161834716797,
        1.4473642110824585,
        0.0
      ],
      [
        -31.387065887451172,
        57.45509338378906,
        5.181508541107178
      ],
      [
        0.0,
        -25.529464721679688,
        78.79425811767578
      ]
    ]
  }
}