{
  "partsInfo": {
    "compressLevel": 3,
    "memoryLevel": 7,
    "strategy": 0,
    "windowBits": 5
  },
  "shape": {
    "filename": "Mask_1.glb",
    "transform": [
      [
        -45.87882995605469,
        15.73652458190918,
        -8.982672691345215
      ],
      [
        0.0,
        -31.705917358398438,
        14.38705825805664
      ],
      [
        6.616794586181641,
        0.0,
        -45.9119873046875
      ],
      [
        21.102367401123047,
        -8.127411842346191,
        0.0
      ],
      [
        -31.658926010131836,
        8.526286125183105,
        5.430638790130615
      ],
      [
        0.0,
        -45.836463928222656,
        10.452260971069336
      ]
    ]
  }
}