{
  "partsInfo": {
    "compressLevel": 3,
    "memoryLevel": 7,
    "strategy": 0,
    "windowBits": 5
  },
  "shape": {
    "filename": "Nose_17.glb",
    "transform": [
      [
        -2.8419389724731445,
        0.06846185773611069,
        -14.258033752441406
      ],
      [
        0.0,
        -3.577720880508423,
        0.06236044690012932
      ],
      [
        -0.4451548755168915,
        0.0,
        -2.758162498474121
      ],
      [
        2.4001517295837402,
        -13.948713302612305,
        0.0
      ],
      [
        -3.9493772983551025,
        -2.4243056774139404,
        -0.3950069844722748
      ],
      [
        0.0,
        -4.015782356262207,
        -3.605597496032715
      ]
    ]
  }
}