{
  "partsInfo": {
    "compressLevel": 3,
    "memoryLevel": 7,
    "strategy": 0,
    "windowBits": 5
  },
  "shape": {
    "filename": "Noseline_16.glb",
    "transform": [
      [
        -7.0,
        6.25,
        0.0
      ],
      [
        0.0,
        -7.0,
        -7.75
      ],
      [
        0.0,
        0.0,
        7.0
      ],
      [
        6.25,
        0.0,
        0.0
      ],
      [
        7.0,
        -7.75,
        0.0
      ],
      [
        0.0,
        0.15000000596046448,
        0.1499999761581421
      ]
    ]
  }
}