{
  "partsInfo": {
    "compressLevel": 3,
    "memoryLevel": 7,
    "strategy": 0,
    "windowBits": 5
  },
  "shape": {
    "filename": "Nose_7.glb",
    "transform": [
      [
        5.923845291137695,
        -0.8805438280105591,
        -1.0789729356765747
      ],
      [
        0.0,
        5.054805278778076,
        -1.9672305583953857
      ],
      [
        -0.3897937834262848,
        0.0,
        5.868127822875977
      ],
      [
        -1.7117805480957031,
        -1.1593332290649414,
        0.0
      ],
      [
        5.051631927490234,
        -0.9942147731781006,
        -0.0031948089599609375
      ],
      [
        0.0,
        6.044347763061523,
        -0.35423094034194946
      ]
    ]
  }
}