{
  "partsInfo": {
    "compressLevel": 3,
    "memoryLevel": 7,
    "strategy": 0,
    "windowBits": 5
  },
  "shape": {
    "filename": "Noseline_3.glb",
    "transform": [
      [
        -6.0,
        -6.500000476837158,
        0.0
      ],
      [
        0.0,
        6.0,
        -6.500000476837158
      ],
      [
        0.0,
        0.0,
        -6.0
      ],
      [
        0.5000000596046448,
        0.0,
        0.0
      ],
      [
        6.0,
        0.5000000596046448,
        0.0
      ],
      [
        0.0,
        0.20000001788139343,
        0.699999988079071
      ]
    ]
  }
}