{
  "partsInfo": {
    "compressLevel": 3,
    "memoryLevel": 7,
    "strategy": 0,
    "windowBits": 5
  },
  "shape": {
    "filename": "Nose_4.glb",
    "transform": [
      [
        2.1058108806610107,
        -3.088487386703491,
        -0.23098066449165344
      ],
      [
        0.0,
        2.0833020210266113,
        -2.6318609714508057
      ],
      [
        0.5095785856246948,
        0.0,
        0.0
      ],
      [
        -3.176968574523926,
        0.04570908844470978,
        0.0
      ],
      [
        4.49461555480957,
        -2.7482094764709473,
        -0.9445040225982666
      ],
      [
        0.0,
        2.128319501876831,
        -3.2298989295959473
      ]
    ]
  }
}