{
  "partsInfo": {
    "compressLevel": 3,
    "memoryLevel": 7,
    "strategy": 0,
    "windowBits": 5
  },
  "shape": {
    "filename": "Noseline_9.glb",
    "transform": [
      [
        7.0,
        -7.0,
        0.0
      ],
      [
        0.0,
        7.0,
        7.0
      ],
      [
        0.0,
        0.0,
        -7.0
      ],
      [
        -7.0,
        0.0,
        0.0
      ],
      [
        -7.0,
        7.0,
        0.0
      ],
      [
        0.0,
        0.8500000238418579,
        0.8500000238418579
      ]
    ]
  }
}