{
  "partsInfo": {
    "compressLevel": 3,
    "memoryLevel": 7,
    "strategy": 0,
    "windowBits": 5
  },
  "shape": {
    "filename": "Noseline_5.glb",
    "transform": [
      [
        8.0,
        2.5,
        0.0
      ],
      [
        0.0,
        -8.0,
        2.5
      ],
      [
        0.0,
        0.0,
        8.0
      ],
      [
        -6.500000476837158,
        0.0,
        0.0
      ],
      [
        -8.0,
        -6.500000476837158,
        0.0
      ],
      [
        0.0,
        0.8999999761581421,
        0.25
      ]
    ]
  }
}