{
  "partsInfo": {
    "compressLevel": 3,
    "memoryLevel": 7,
    "strategy": 0,
    "windowBits": 5
  },
  "shape": {
    "filename": "Noseline_0.glb",
    "transform": [
      [
        2.9574296474456787,
        -2.3999996185302734,
        0.0
      ],
      [
        0.0,
        2.9574296474456787,
        1.1999996900558472
      ],
      [
        0.0,
        0.0,
        -3.0425705909729004
      ],
      [
        -2.3999998569488525,
        0.0,
        0.0
      ],
      [
        -3.0425705909729004,
        1.1999996900558472,
        0.0
      ],
      [
        0.0,
        0.6499999761581421,
        0.550000011920929
      ]
    ]
  }
}