{
  "partsInfo": {
    "compressLevel": 3,
    "memoryLevel": 7,
    "strategy": 0,
    "windowBits": 5
  },
  "shape": {
    "filename": "Nose_8.glb",
    "transform": [
      [
        4.0982584953308105,
        -1.3119590282440186,
        -5.0
      ],
      [
        0.0,
        4.972135543823242,
        2.0
      ],
      [
        -5.0,
        0.0,
        3.4551849365234375
      ],
      [
        -2.4876883029937744,
        -1.1430450677871704,
        0.0
      ],
      [
        4.9987406730651855,
        1.6872204542160034,
        -16.0
      ],
      [
        0.0,
        3.1339540481567383,
        -3.414768934249878
      ]
    ]
  }
}