{
  "partsInfo": {
    "compressLevel": 3,
    "memoryLevel": 7,
    "strategy": 0,
    "windowBits": 5
  },
  "shape": {
    "filename": "Noseline_11.glb",
    "transform": [
      [
        5.0,
        -3.440669059753418,
        2.5629053115844727
      ],
      [
        0.0,
        -5.0,
        -3.440669059753418
      ],
      [
        2.5629053115844727,
        0.0,
        5.0
      ],
      [
        -5.0,
        0.0,
        0.0
      ],
      [
        -5.0,
        -5.0,
        0.0
      ],
      [
        0.0,
        5.0,
        -5.0
      ]
    ]
  }
}