{
  "partsInfo": {
    "compressLevel": 3,
    "memoryLevel": 7,
    "strategy": 0,
    "windowBits": 5
  },
  "shape": {
    "filename": "Nose_11.glb",
    "transform": [
      [
        1.5869076251983643,
        -0.18388289213180542,
        -1.3667354583740234
      ],
      [
        0.0,
        1.4768812656402588,
        8.459002494812012
      ],
      [
        -2.531296730041504,
        0.0,
        1.519005298614502
      ],
      [
        -0.38687750697135925,
        0.0,
        0.0
      ],
      [
        3.3319625854492188,
        -4.996486186981201,
        -0.8082075119018555
      ],
      [
        0.0,
        2.535034418106079,
        -1.9999998807907104
      ]
    ]
  }
}