{
  "partsInfo": {
    "compressLevel": 3,
    "memoryLevel": 7,
    "strategy": 0,
    "windowBits": 5
  },
  "shape": {
    "filename": "Noseline_10.glb",
    "transform": [
      [
        -7.0,
        0.5000001192092896,
        0.0
      ],
      [
        0.0,
        -7.000000476837158,
        -5.5
      ],
      [
        0.0,
        0.0,
        7.0
      ],
      [
        0.5000001192092896,
        0.0,
        0.0
      ],
      [
        7.000000476837158,
        -5.5,
        0.0
      ],
      [
        0.0,
        0.15000000596046448,
        0.3500000238418579
      ]
    ]
  }
}