{
  "partsInfo": {
    "compressLevel": 3,
    "memoryLevel": 7,
    "strategy": 0,
    "windowBits": 5
  },
  "shape": {
    "filename": "Noseline_7.glb",
    "transform": [
      [
        8.000000953674316,
        -5.5,
        0.0
      ],
      [
        0.0,
        8.0,
        2.5
      ],
      [
        0.0,
        0.0,
        -8.000000953674316
      ],
      [
        -5.5,
        0.0,
        0.0
      ],
      [
        -8.0,
        2.5,
        0.0
      ],
      [
        0.0,
        0.8999999761581421,
        0.6499999761581421
      ]
    ]
  }
}