{
  "partsInfo": {
    "compressLevel": 3,
    "memoryLevel": 7,
    "strategy": 0,
    "windowBits": 5
  },
  "shape": {
    "filename": "Noseline_17.glb",
    "transform": [
      [
        6.0,
        -6.780712604522705,
        6.021244049072266
      ],
      [
        0.0,
        6.0,
        -4.630841255187988
      ],
      [
        0.0,
        0.0,
        -6.0
      ],
      [
        -6.780712604522705,
        6.021244049072266,
        0.0
      ],
      [
        -6.0,
        -4.63084077835083,
        0.0
      ],
      [
        0.0,
        6.0,
        4.147663593292236
      ]
    ]
  }
}