{
  "partsInfo": {
    "compressLevel": 3,
    "memoryLevel": 7,
    "strategy": 0,
    "windowBits": 5
  },
  "shape": {
    "filename": "Noseline_1.glb",
    "transform": [
      [
        1.0000001192092896,
        -5.0,
        0.0
      ],
      [
        0.0,
        1.0000001192092896,
        6.0
      ],
      [
        0.0,
        0.0,
        -3.999999761581421
      ],
      [
        -5.0,
        0.0,
        0.0
      ],
      [
        -3.999999761581421,
        6.0,
        0.0
      ],
      [
        0.0,
        0.6499999761581421,
        0.75
      ]
    ]
  }
}