{
  "partsInfo": {
    "compressLevel": 3,
    "memoryLevel": 7,
    "strategy": 0,
    "windowBits": 5
  },
  "shape": {
    "filename": "Nose_1.glb",
    "transform": [
      [
        0.0,
        -2.731804609298706,
        1.8424166440963745
      ],
      [
        0.0,
        0.0,
        -3.0618178844451904
      ],
      [
        1.0805376768112183,
        0.0,
        0.5276516079902649
      ],
      [
        -3.0618178844451904,
        0.8441063761711121,
        0.0
      ],
      [
        1.1788771152496338,
        -2.731804609298706,
        1.2700591087341309
      ],
      [
        0.0,
        0.7383608818054199,
        -2.2181782722473145
      ]
    ]
  }
}