{
  "partsInfo": {
    "compressLevel": 3,
    "memoryLevel": 7,
    "strategy": 0,
    "windowBits": 5
  },
  "shape": {
    "filename": "Noseline_14.glb",
    "transform": [
      [
        -6.0,
        -6.0,
        0.0
      ],
      [
        0.0,
        6.0,
        -6.0
      ],
      [
        0.0,
        0.0,
        -6.0
      ],
      [
        3.0,
        0.0,
        0.0
      ],
      [
        6.0,
        3.0,
        0.0
      ],
      [
        0.0,
        0.20000000298023224,
        0.7999999523162842
      ]
    ]
  }
}