{
  "partsInfo": {
    "compressLevel": 3,
    "memoryLevel": 7,
    "strategy": 0,
    "windowBits": 5
  },
  "shape": {
    "filename": "Noseline_2.glb",
    "transform": [
      [
        -3.0,
        -3.500000238418579,
        0.0
      ],
      [
        0.0,
        3.0,
        -3.5
      ],
      [
        0.0,
        0.0,
        -3.0
      ],
      [
        0.4999999701976776,
        0.0,
        0.0
      ],
      [
        3.0,
        0.4999999701976776,
        0.0
      ],
      [
        0.0,
        0.3500000238418579,
        0.550000011920929
      ]
    ]
  }
}