{
  "partsInfo": {
    "compressLevel": 3,
    "memoryLevel": 7,
    "strategy": 0,
    "windowBits": 5
  },
  "shape": {
    "filename": "Nose_9.glb",
    "transform": [
      [
        -0.8868076801300049,
        -5.105309963226318,
        3.3274669647216797
      ],
      [
        0.0,
        0.0,
        -5.381999969482422
      ],
      [
        2.11922287940979,
        0.0,
        0.0
      ],
      [
        -5.211869239807129,
        3.638399124145508,
        0.0
      ],
      [
        -1.0173224210739136,
        -4.86447286605835,
        4.456898212432861
      ],
      [
        0.0,
        -2.40498423576355,
        -4.331711292266846
      ]
    ]
  }
}