{
  "partsInfo": {
    "compressLevel": 3,
    "memoryLevel": 7,
    "strategy": 0,
    "windowBits": 5
  },
  "shape": {
    "filename": "Nose_15.glb",
    "transform": [
      [
        -1.4577784538269043,
        11.602508544921875,
        -14.0
      ],
      [
        0.0,
        -2.0952937602996826,
        8.633723258972168
      ],
      [
        -2.6855621337890625,
        0.0,
        0.0
      ],
      [
        11.602508544921875,
        -14.0,
        0.0
      ],
      [
        -1.9210469722747803,
        6.758885860443115,
        -14.749999046325684
      ],
      [
        0.0,
        -3.548776626586914,
        3.5815348625183105
      ]
    ]
  }
}