{
  "partsInfo": {
    "compressLevel": 3,
    "memoryLevel": 7,
    "strategy": 0,
    "windowBits": 5
  },
  "shape": {
    "filename": "Nose_5.glb",
    "transform": [
      [
        4.815539836883545,
        3.3099186420440674,
        -4.985790729522705
      ],
      [
        0.0,
        3.994356393814087,
        4.3668532371521
      ],
      [
        -4.985790729522705,
        0.0,
        4.725485324859619
      ],
      [
        0.8484721779823303,
        -0.13864296674728394,
        0.0
      ],
      [
        5.36012601852417,
        1.9841997623443604,
        -4.985791206359863
      ],
      [
        0.0,
        4.2694549560546875,
        6.700000286102295
      ]
    ]
  }
}