{
  "partsInfo": {
    "compressLevel": 3,
    "memoryLevel": 7,
    "strategy": 0,
    "windowBits": 5
  },
  "shape": {
    "filename": "Nose_14.glb",
    "transform": [
      [
        2.632073402404785,
        0.06171939894556999,
        2.0892624855041504
      ],
      [
        0.0,
        2.467884063720703,
        0.7587939500808716
      ],
      [
        1.5491905212402344,
        0.0,
        1.9552977085113525
      ],
      [
        1.129897952079773,
        1.8719944953918457,
        0.0
      ],
      [
        1.9185067415237427,
        -0.0070717837661504745,
        2.8601787090301514
      ],
      [
        0.0,
        2.7664754390716553,
        1.167834758758545
      ]
    ]
  }
}