{
  "partsInfo": {
    "compressLevel": 3,
    "memoryLevel": 7,
    "strategy": 0,
    "windowBits": 5
  },
  "shape": {
    "filename": "Nose_10.glb",
    "transform": [
      [
        0.0,
        -3.4130501747131348,
        -13.477822303771973
      ],
      [
        0.0,
        4.302777290344238,
        -2.0
      ],
      [
        -16.0,
        0.0,
        2.2072010040283203
      ],
      [
        -3.2747035026550293,
        -3.4300312995910645,
        0.0
      ],
      [
        -2.2072010040283203,
        -3.2747035026550293,
        -3.4300312995910645
      ],
      [
        0.0,
        -4.302777290344238,
        -2.0
      ]
    ]
  }
}