{
  "partsInfo": {
    "compressLevel": 3,
    "memoryLevel": 7,
    "strategy": 0,
    "windowBits": 5
  },
  "shape": {
    "filename": "Nose_12.glb",
    "transform": [
      [
        2.0203170776367188,
        -3.1608126163482666,
        5.2897443771362305
      ],
      [
        0.0,
        1.9005602598190308,
        -4.348972320556641
      ],
      [
        5.212128639221191,
        0.0,
        1.9484556913375854
      ],
      [
        -4.0496697425842285,
        3.428032159805298,
        0.0
      ],
      [
        2.0921783447265625,
        -2.2719554901123047,
        7.151455879211426
      ],
      [
        0.0,
        2.048372507095337,
        -3.483518600463867
      ]
    ]
  }
}