{
  "partsInfo": {
    "compressLevel": 3,
    "memoryLevel": 7,
    "strategy": 0,
    "windowBits": 5
  },
  "shape": {
    "filename": "Nose_13.glb",
    "transform": [
      [
        0.0,
        -3.2669270038604736,
        -12.80000114440918
      ],
      [
        0.0,
        5.040921211242676,
        0.0
      ],
      [
        -16.0,
        0.0,
        2.4381401538848877
      ],
      [
        -3.2288334369659424,
        -1.0,
        0.0
      ],
      [
        -2.4381401538848877,
        -3.2288334369659424,
        -1.0
      ],
      [
        0.0,
        -5.040921211242676,
        0.0
      ]
    ]
  }
}