{
  "partsInfo": {
    "compressLevel": 3,
    "memoryLevel": 7,
    "strategy": 0,
    "windowBits": 5
  },
  "shape": {
    "filename": "Noseline_4.glb",
    "transform": [
      [
        6.0,
        -3.5,
        0.0
      ],
      [
        0.0,
        6.0,
        2.5
      ],
      [
        0.0,
        0.0,
        -6.0
      ],
      [
        -3.500000238418579,
        0.0,
        0.0
      ],
      [
        -6.0,
        2.5,
        0.0
      ],
      [
        0.0,
        0.8000000715255737,
        0.550000011920929
      ]
    ]
  }
}