{
  "partsInfo": {
    "compressLevel": 3,
    "memoryLevel": 7,
    "strategy": 0,
    "windowBits": 5
  },
  "shape": {
    "filename": "Nose_16.glb",
    "transform": [
      [
        -4.32366943359375,
        -3.0187220573425293,
        -10.749283790588379
      ],
      [
        0.0,
        -2.2934868335723877,
        -4.664742469787598
      ],
      [
        2.5128533840179443,
        0.0,
        -3.3523902893066406
      ],
      [
        -4.668331146240234,
        1.954925298690796,
        0.0
      ],
      [
        -4.080836296081543,
        -4.432278633117676,
        1.5053398609161377
      ],
      [
        0.0,
        -4.66226863861084,
        -3.9594979286193848
      ]
    ]
  }
}