{
  "partsInfo": {
    "compressLevel": 3,
    "memoryLevel": 7,
    "strategy": 0,
    "windowBits": 5
  },
  "shape": {
    "filename": "Nose_6.glb",
    "transform": [
      [
        -0.580170214176178,
        -1.7257887125015259,
        3.8010785579681396
      ],
      [
        0.0,
        -0.5540633797645569,
        -2.7517316341400146
      ],
      [
        3.8724489212036133,
        0.0,
        0.0
      ],
      [
        -2.74394154548645,
        3.955615997314453,
        0.0
      ],
      [
        0.0,
        -1.7176196575164795,
        3.8761069774627686
      ],
      [
        0.0,
        -1.2876893281936646,
        -2.853896141052246
      ]
    ]
  }
}