{
  "partsInfo": {
    "compressLevel": 3,
    "memoryLevel": 7,
    "strategy": 0,
    "windowBits": 5
  },
  "shape": {
    "filename": "Nose_3.glb",
    "transform": [
      [
        0.0,
        -0.25493425130844116,
        2.95468807220459
      ],
      [
        0.0,
        0.0,
        6.426143169403076
      ],
      [
        -2.7095272541046143,
        0.0,
        -1.277205228805542
      ],
      [
        6.193362236022949,
        -2.8372585773468018,
        0.0
      ],
      [
        -1.5542709827423096,
        -0.41749483346939087,
        2.566903591156006
      ],
      [
        0.0,
        -1.199653148651123,
        -1.7114522457122803
      ]
    ]
  }
}